path_id	steps	path	paths
0	4	14th_century;Ottoman_Empire;Slavery;Atlantic_slave_trade;African_slave_trade	
1	2	14th_century;Ottoman_Empire;Greece	
2	4	14th_century;Renaissance;Christopher_Columbus;United_States;John_F._Kennedy	
3	3	14th_century;Hundred_Years%27_War;Gunpowder;Fire	
4	4	14th_century;Renaissance;Art;Color;Rainbow	
5	4	14th_century;Renaissance;Science;Chemistry;Sodium	
6	5	14th_century;Edward_III_of_England;Henry_IV_of_England;Henry_V_of_England;Henry_VII_of_England;Elizabeth_I_of_England	
7	0	14th_century;Renaissance;Humanism;Renaissance;LOOP_DETECTED	
8	4	2004_Atlantic_hurricane_season;Atlantic_Ocean;Earth;Human;Art	
9	0	2004_Atlantic_hurricane_season;Atlantic_Ocean;Ocean;Atlantic_Ocean;LOOP_DETECTED	
10	0	2004_Atlantic_hurricane_season;Atlantic_Ocean;Ocean;Atlantic_Ocean;LOOP_DETECTED	
11	0	2004_Atlantic_hurricane_season;Atlantic_Ocean;Ocean;Atlantic_Ocean;LOOP_DETECTED	
12	0	2004_Atlantic_hurricane_season;Atlantic_Ocean;Antarctica;Ice;Glacier;Ice;LOOP_DETECTED	
13	5	2004_Atlantic_hurricane_season;Atlantic_Ocean;Herodotus;Persian_Empire;Middle_Ages;8th_century	
14	0	2004_Atlantic_hurricane_season;Atlantic_Ocean;United_States;WRONG_ANSWER	
15	0	2004_Atlantic_hurricane_season;Atlantic_Ocean;Ocean;Atlantic_Ocean;LOOP_DETECTED	
16	0	2004_Atlantic_hurricane_season;WRONG_ANSWER	
17	1	2005_Atlantic_hurricane_season;Spain	
18	2	2005_Atlantic_hurricane_season;United_States;Jazz	
19	2	2005_Atlantic_hurricane_season;Europe;Liechtenstein	
20	2	2005_Atlantic_hurricane_season;Europe;Liechtenstein	
21	2	2005_Atlantic_hurricane_season;Europe;Sweden	
22	0	2005_Atlantic_hurricane_season;WRONG_ANSWER	
23	0	2005_Atlantic_hurricane_season;WRONG_ANSWER	
24	3	2005_Atlantic_hurricane_season;United_States;United_Nations;International_Court_of_Justice	
25	2	2005_Atlantic_hurricane_season;Europe;Lisbon	
26	3	2005_Atlantic_hurricane_season;George_W._Bush;President_of_the_United_States;William_McKinley	
27	0	Aberdeen;WRONG_ANSWER	
28	0	Aberdeen;Scotland;England;WRONG_ANSWER	
29	0	Aberdeen;WRONG_ANSWER	
30	0	Aberdeen;Scotland;Industrial_Revolution;WRONG_ANSWER	
31	0	Aberdeen;United_Kingdom;England;WRONG_ANSWER	
32	3	Aberdeen;France;Paris;RER	
33	0	Aberdeen;Scotland;WRONG_ANSWER	
34	4	Acceleration;Physics;World_War_II;Germany;Dresden	
35	5	Acceleration;Physics;Biology;Animal;Mammal;Elephant	
36	3	Acceleration;Physics;Atom;Hydrogen	
37	0	Acceleration;Physics;WRONG_ANSWER	
38	0	Acceleration;Physics;Biology;Animal;Fish;WRONG_ANSWER	
39	5	Acceleration;Physics;Chemistry;Periodic_table;Iodine;Potassium_iodide	
40	6	Acceleration;Physics;20th_century;Sport;Olympic_Games;Tennis;Martina_Navratilova	
41	4	Acceleration;Physics;Computer;World_Wide_Web;Mozilla_Firefox	
42	0	Acceleration;Physics;WRONG_ANSWER	
43	0	Achilles;Greek_mythology;WRONG_ANSWER	
44	5	Achilles;Trojan_War;Ancient_Greece;Alexander_the_Great;World_War_II;Winston_Churchill	
45	0	Achilles;Trojan_War;Ancient_Greece;Alexander_the_Great;Ancient_Greece;LOOP_DETECTED	
46	0	Achilles;Greek_mythology;20th_century;Cold_War;Margaret_Thatcher;Cold_War;LOOP_DETECTED	
47	0	Achilles;Greek_mythology;Ancient_Greece;Alexander_the_Great;Egypt;Nile;WRONG_ANSWER	
48	10	Achilles;Greek_mythology;Ancient_Greece;Alexander_the_Great;Mediterranean_Sea;Atlantic_Ocean;Ocean;Fish;Whale_shark;Shark;Great_white_shark	
49	0	Achilles;Greek_mythology;WRONG_ANSWER	
50	0	Achilles;Trojan_War;Ancient_Greece;History_of_Greece;England;WRONG_ANSWER	
51	0	Achilles;Greek_mythology;Ancient_Greece;Alexander_the_Great;Ancient_Greece;LOOP_DETECTED	
52	0	Achilles_tendon;Achilles;Trojan_War;WRONG_ANSWER	
53	4	Achilles_tendon;Achilles;Black_Sea;Atlantic_Ocean;Ocean	
54	0	Achilles_tendon;Achilles;Greek_mythology;Trojan_War;Greek_mythology;LOOP_DETECTED	
55	2	Africa;HIV;AIDS	
56	2	Africa;United_Kingdom;England	
57	0	Africa;WRONG_ANSWER	
58	2	Africa;Agriculture;Potato	
59	2	Africa;Earth;Solar_System	
60	2	Africa;Asia;Vietnam	
61	0	Africa;Civilization;WRONG_ANSWER	
62	2	Africa;Earth;Sun	
63	3	Africa;Asia;Oceania;Australia	
64	1	Africa;Temperate	
65	3	Africa;Fossil;Dinosaur;Sauropodomorpha	
66	1	Africa;Poverty	
67	0	Africa;WRONG_ANSWER	
68	0	Africa;WRONG_ANSWER	
69	3	Africa;United_Kingdom;London;Hampstead_Heath	
70	0	Africa;WRONG_ANSWER	
71	0	Africa;WRONG_ANSWER	
72	7	Africa;Agriculture;Nutrition;Health;Medicine;Psychology;Brain;Sleep	
73	2	Age_of_Enlightenment;Aesthetics;Art	
74	0	Age_of_Enlightenment;Adam_Smith;Economics;Karl_Marx;Soviet_Union;WRONG_ANSWER	
75	4	Age_of_Enlightenment;French_Revolution;Napoleon_I_of_France;Russia;Joseph_Stalin	
76	0	Age_of_Enlightenment;WRONG_ANSWER	
77	5	Age_of_Enlightenment;Isaac_Newton;Astronomy;Earth;Ice_age;Ice_sheet	
78	1	Age_of_Enlightenment;Voltaire	
79	3	Age_of_Enlightenment;Chemistry;Geology;Igneous_rock	
80	3	Age_of_Enlightenment;Bible;Jesus;Last_Supper	
81	3	Age_of_Enlightenment;Chemistry;Biology;Yeast	
82	4	Age_of_Enlightenment;Benjamin_Franklin;Meteorology;Tropical_cyclone;Hurricane_Andrew	
83	3	Age_of_Enlightenment;Isaac_Newton;Astronomy;Extrasolar_planet	
84	6	Age_of_Enlightenment;Democracy;Liberalism;Human_rights;United_Nations;Nobel_Peace_Prize;Peace	
85	3	Agriculture;History_of_the_world;Communication;Language	
86	0	Agriculture;History_of_the_world;China;WRONG_ANSWER	
87	4	Agriculture;History_of_the_world;Paleontology;Dinosaur;Ornithischia	
88	0	Agriculture;WRONG_ANSWER	
89	1	Agriculture;Barley	
90	4	Agriculture;History_of_the_world;Soviet_Union;Ukraine;Kiev	
91	6	Agriculture;Botany;Plant;Animal;Bird;House_Sparrow;Sparrow	
92	0	Agriculture;Global_warming;Tropical_cyclone;WRONG_ANSWER	
93	1	AIDS;Africa	
94	0	AIDS;HIV;United_States;WRONG_ANSWER	
95	1	AIDS;Germany	
96	3	AIDS;HIV;Human;Religion	
97	4	AIDS;HIV;Human;Christianity;Jesus	
98	3	AIDS;HIV;Ronald_Reagan;Cold_War	
99	4	AIDS;HIV;Africa;Jazz;Saxophone	
100	2	18th_century;United_States;Minnesota	
101	0	18th_century;Australia;WRONG_ANSWER	
102	0	18th_century;France;WRONG_ANSWER	
1000	0	Al_Jazeera;Qatar;WRONG_ANSWER	
1001	0	Al_Jazeera;United_Kingdom;The_Beatles;WRONG_ANSWER	
1002	0	Al_Jazeera;WRONG_ANSWER	
1003	4	Al_Jazeera;Qatar;United_Kingdom;France;Paris	
1004	4	Al_Jazeera;United_States;American_popular_music;Jazz;Saxophone	
1005	3	Al_Jazeera;United_States;President_of_the_United_States;William_Howard_Taft	
1006	4	Alan_Turing;Algorithm;Mathematics;Mesopotamia;Babylonia	
1007	0	Alan_Turing;World_War_II;WRONG_ANSWER	
1008	2	Alan_Turing;World_War_II;Hirohito	
1009	4	Alan_Turing;Princeton_University;Richard_Nixon;Gerald_Ford;Jimmy_Carter	
1010	3	Alan_Turing;Calculus;Gottfried_Leibniz;Leonhard_Euler	
1011	0	Alan_Turing;Computer_science;Mathematics;Computer_science;LOOP_DETECTED	
1012	0	Alan_Turing;Computer_science;Mathematics;Computer_science;LOOP_DETECTED	
1013	0	Alan_Turing;Computer_science;Mathematics;Computer_science;LOOP_DETECTED	
1014	2	Albania;Human_rights;Animal_rights	
1015	2	Albania;Thailand;Bangkok	
1016	2	Albania;English_language;British_English	
1017	3	Albania;Human_rights;Biology;Human	
1018	0	Albania;WRONG_ANSWER	
1019	2	Albania;Spain;Madrid	
1020	0	Albania;Ancient_Rome;WRONG_ANSWER	
1021	2	Albania;Europe;North_Sea	
1022	0	Albania;Agriculture;WRONG_ANSWER	
1023	0	Albania;Italy;WRONG_ANSWER	
1024	0	Albatross;Animal;Bird;19th_century;Athens;WRONG_ANSWER	
1025	0	Albatross;Bird;Vertebrate;Chordate;Vertebrate;LOOP_DETECTED	
1026	0	Albatross;Mammal;Human;Family;Society;Culture;Human;LOOP_DETECTED	
1027	2	Albatross;Bird;Emu	
1028	0	Albatross;Bird;Evolution;DNA;Genetics;DNA;LOOP_DETECTED	
1029	1	Albatross;Fossil	
1030	0	Albatross;Bird;Animal;Bird;LOOP_DETECTED	
1031	0	Albatross;Bird;Plant;WRONG_ANSWER	
1032	0	Albert_Einstein;Physics;Earth;Earthquake;Tsunami;WRONG_ANSWER	
1033	3	Albert_Einstein;India;Buddhism;Abhidhamma_Pitaka	
1034	3	Albert_Einstein;Germany;Netherlands;Amsterdam	
1035	2	Albert_Einstein;Israel;Arab-Israeli_conflict	
1036	3	Albert_Einstein;United_States;President_of_the_United_States;Bill_Clinton	
1037	2	Albert_Einstein;Italy;Black_Death	
1038	2	Albert_Einstein;United_States;Canada	
1039	0	Albert_Einstein;Germany;Austria;WRONG_ANSWER	
1040	2	Albert_Einstein;United_States;Cuba	
1041	4	Albert_Einstein;Germany;Arabic_language;United_Arab_Emirates;Emirate	
1042	0	Albert_Einstein;United_States;WRONG_ANSWER	
1043	3	Albert_Einstein;Africa;North_Africa;Maghreb	
1044	1	Albert_Einstein;Niels_Bohr	
1045	2	Albert_Einstein;Light;Rainbow	
1046	3	Albert_Einstein;Chemical_element;Periodic_table;Tin	
1047	0	Alberto_Santos-Dumont;Airship;Hydrogen;Periodic_table;Chemical_element;Periodic_table;LOOP_DETECTED	
1048	3	Alberto_Santos-Dumont;Brazil;Atlantic_Ocean;Gulf_of_Mexico	
1049	2	Alberto_Santos-Dumont;President_of_the_United_States;Lyndon_B._Johnson	
1050	2	Alberto_Santos-Dumont;Physics;Niels_Bohr	
1051	0	Albigensian_Crusade;France;WRONG_ANSWER	
1052	7	Albigensian_Crusade;France;Mediterranean_Sea;Ocean;Organism;Ecology;Biodiversity;Invasive_species	
1053	0	Albigensian_Crusade;France;Mediterranean_Sea;France;LOOP_DETECTED	
1054	2	Albigensian_Crusade;France;Time_zone	
1055	4	Albinism;Honduras;Christopher_Columbus;South_America;Colombia	
1056	0	Albinism;Chromatophore;WRONG_ANSWER	
1057	0	Albinism;Retina;Eye;Retina;LOOP_DETECTED	
1058	0	Albinism;Retina;Eye;Retina;LOOP_DETECTED	
1059	0	Albinism;Retina;Eye;Human;Christianity;Pope;20th_century;World_War_II;WRONG_ANSWER	
1060	0	Albinism;Retina;Eye;Retina;LOOP_DETECTED	
1061	0	Albrecht_D%C3%BCrer;WRONG_ANSWER	
1062	0	Albrecht_D%C3%BCrer;Mathematics;WRONG_ANSWER	
1063	0	Albrecht_D%C3%BCrer;Europe;WRONG_ANSWER	
1064	7	Alchemy;Chemistry;Sociology;Economics;Market;Information;Mass_media;Advertising	
1065	0	Alchemy;History_of_science;WRONG_ANSWER	
1066	0	Alchemy;Chemistry;Antoine_Lavoisier;France;Switzerland;WRONG_ANSWER	
1067	6	Alchemy;Chemistry;Physics;20th_century;United_States;Basketball;Michael_Jordan	
1068	2	Alchemy;Ancient_Rome;Rome	
1069	5	Alchemy;Chemistry;Physics;Electricity;Alexander_Graham_Bell;Telephone	
1070	5	Alcibiades;Athens;Edinburgh;Loch;Scotland;Ben_Nevis	
1071	2	Alcibiades;Athens;Canada	
1072	0	Alcibiades;Socrates;Plato;Aristotle;Plato;LOOP_DETECTED	
1073	0	Alcibiades;Athens;WRONG_ANSWER	
1074	0	Alcohol;Chemistry;Antoine_Lavoisier;Chemistry;LOOP_DETECTED	
1075	2	Alcohol;Ethanol;Cancer	
1076	3	Alcohol;English_language;England;Church_of_England	
1077	3	Alcohol;Chemistry;Mathematics;Cryptography	
1078	2	Alcohol;Islam;Indonesia	
1079	3	Alcohol;Chemistry;Sociology;Political_science	
1080	2	Alcohol;Europe;Republic_of_Macedonia	
1081	0	Alcohol;Chemistry;Periodic_table;Chemical_element;Periodic_table;LOOP_DETECTED	
1082	0	Alcohol;United_States;WRONG_ANSWER	
1083	0	Aleksandr_Pushkin;Henry_James;WRONG_ANSWER	
1084	0	Aleksandr_Pushkin;Russia;Christianity;WRONG_ANSWER	
1085	5	Aleksandr_Pushkin;Romanticism;United_States;California;Los_Angeles%2C_California;Smog	
1086	0	Aleksandr_Vasilevsky;Soviet_Union;Cold_War;Dwight_D._Eisenhower;WRONG_ANSWER	
1087	3	Aleksandr_Vasilevsky;Soviet_Union;Europe;Luxembourg	
1088	0	Aleksandr_Vasilevsky;Soviet_Union;World_War_II;Soviet_Union;LOOP_DETECTED	
1089	8	Alexander_Graham_Bell;Telephone;Telecommunication;Communication;Language;Linguistics;Philosophy;Animal_rights;Animal_law	
1090	3	Alexander_Graham_Bell;England;Middle_Ages;Black_Death	
1091	2	Alexander_Graham_Bell;Canada;Canadian_football	
1092	0	Alexander_Graham_Bell;United_States;Holy_Roman_Empire;Middle_Ages;WRONG_ANSWER	
1093	3	Alexander_Graham_Bell;Scotland;Edinburgh;David_Hume	
1094	1	Alexander_Graham_Bell;Dublin	
1095	4	Alexander_Graham_Bell;United_States;History_of_slavery;South_Africa;History_of_South_Africa	
1096	0	Alexander_Graham_Bell;President_of_the_United_States;Abraham_Lincoln;American_Civil_War;Abraham_Lincoln;LOOP_DETECTED	
1097	3	Alexander_Graham_Bell;Canada;Yugoslavia;Serbia_and_Montenegro	
1098	0	Alexander_Graham_Bell;England;United_Kingdom;British_monarchy;WRONG_ANSWER	
1099	0	Alexander_Hamilton;United_States;American_Revolutionary_War;United_States;LOOP_DETECTED	
1100	4	Alexander_Hamilton;United_States;Agriculture;Biodiesel;Biofuel	
1101	0	Alexander_Hamilton;United_States;WRONG_ANSWER	
1102	1	Alexander_Hamilton;France	
1103	5	Alexander_Hamilton;George_Washington;American_Revolutionary_War;France;Judaism;Jew	
1104	0	Alexander_Hamilton;United_States;Currency;WRONG_ANSWER	
1105	0	Alexander_Hamilton;United_States;Electronics;Semiconductor;Light;Electromagnetic_radiation;Light;LOOP_DETECTED	
1106	3	Alexander_Hamilton;United_States;Agriculture;Soil	
1107	6	Alexander_Hamilton;United_States;Mining;Mineral;Chemical_element;Periodic_table;Tantalum	
1108	0	Alexander_the_Great;Ancient_Greece;Greece;United_Kingdom;WRONG_ANSWER	
1109	3	Alexander_the_Great;Aristotle;Physics;Isaac_Newton	
1110	2	Alexander_the_Great;Europe;Lisbon	
1111	6	Alexander_the_Great;Aristotle;Biology;Animal;Bird;Falcon;Peregrine_Falcon	
1112	2	Alexander_the_Great;Europe;Russia	
1113	4	Alexander_the_Great;Ancient_Greece;Arable_land;Agriculture;Soil_salination	
1114	3	Alfred_Hitchcock;United_States;Venezuela;Caracas	
1115	0	Alfred_Hitchcock;England;WRONG_ANSWER	
1116	0	Alfred_Hitchcock;England;WRONG_ANSWER	
1117	3	Alfred_Hitchcock;United_States;Ecuador;Quito	
1118	5	Alfred_Hitchcock;United_States;Apollo_11;Saturn_V;Space_Shuttle_program;Space_Shuttle_Challenger	
1119	0	Alfred_Hitchcock;England;WRONG_ANSWER	
1120	4	Alfred_Nobel;Nobel_Peace_Prize;United_Nations;List_of_sovereign_states;Belarus	
1121	3	Alfred_Nobel;Nobel_Peace_Prize;Mikhail_Gorbachev;Berlin_Wall	
1122	0	Alfred_Nobel;Henrik_Ibsen;William_Shakespeare;Ben_Jonson;WRONG_ANSWER	
1123	0	Alfred_Nobel;WRONG_ANSWER	
1124	0	Alfred_Nobel;WRONG_ANSWER	
1125	0	Alfred_Nobel;Henrik_Ibsen;Norway;Henrik_Ibsen;LOOP_DETECTED	
1126	0	Alfred_Nobel;WRONG_ANSWER	
1127	2	Alfred_Nobel;Nobel_Peace_Prize;United_Nations	
1128	2	Alfred_the_Great;Charlemagne;French_language	
1129	0	Alfred_the_Great;Edward_the_Confessor;Henry_III_of_England;Edward_I_of_England;Henry_III_of_England;LOOP_DETECTED	
1130	0	Alfred_the_Great;WRONG_ANSWER	
1131	0	Alfred_the_Great;Middle_Ages;Renaissance;Music;WRONG_ANSWER	
1132	6	Alfred_the_Great;Middle_Ages;Renaissance;17th_century;20th_century;Germany;Wernher_von_Braun	
1133	2	Alfred_the_Great;England;York	
1134	5	Algebra;Mathematics;Medicine;Cancer;Virus;AIDS	
1135	3	Algebra;Mathematics;Science;Biology	
1136	0	Algebra;Mathematics;Calculus;Mathematics;LOOP_DETECTED	
1137	0	Algebra;Mathematics;Isaac_Newton;Calculus;Isaac_Newton;LOOP_DETECTED	
1138	0	Algebra;Mathematics;Geometry;Mathematics;LOOP_DETECTED	
1139	4	Algebra;Mathematics;Renaissance;Hungary;Music_of_Hungary	
1140	0	Algebra;Mathematics;Computer_science;Programming_language;WRONG_ANSWER	
1141	3	Algebra;Mathematics;Australia;Southern_Ocean	
1142	0	Algebra;Mathematics;Renaissance;Renaissance_music;Renaissance;LOOP_DETECTED	
1143	0	Algeria;Education;WRONG_ANSWER	
1144	2	Algeria;United_States;American_football	
1145	0	Algeria;Africa;WRONG_ANSWER	
1146	0	Algeria;Augustine_of_Hippo;Philosophy;WRONG_ANSWER	
1147	0	Algeria;WRONG_ANSWER	
1148	4	Algeria;Africa;Atlantic_Ocean;Ocean;Pelagic_zone	
1149	0	Algeria;Africa;WRONG_ANSWER	
1150	3	Algeria;Ottoman_Empire;England;Wars_of_the_Roses	
1151	0	Algerian_Civil_War;United_States;WRONG_ANSWER	
1152	3	Algerian_Civil_War;United_States;Indonesia;Krakatoa	
1153	0	Algerian_Civil_War;Algeria;WRONG_ANSWER	
1154	4	Algerian_Civil_War;Socialism;Latin_America;Peru;Shining_Path	
1155	0	Algerian_Civil_War;Human_rights;WRONG_ANSWER	
1156	0	Algiers;WRONG_ANSWER	
1157	3	Algiers;Moscow;World_War_II;Battle_of_Stalingrad	
1158	2	Algiers;United_Kingdom;Edinburgh	
1159	2	Algiers;United_Kingdom;English_Channel	
1160	0	Algiers;Algeria;Africa;WRONG_ANSWER	
1161	2	Algiers;Byzantine_Empire;Heraclius	
1162	0	Algiers;Africa;WRONG_ANSWER	
1163	2	Algiers;Morocco;Rabat	
1164	3	Algiers;United_States;President_of_the_United_States;Theodore_Roosevelt	
1165	3	Algiers;United_Kingdom;Buckingham_Palace;Windsor_Castle	
1166	3	Algiers;Ancient_Rome;Greek_mythology;Zeus	
1167	4	Algol;Star;Chemical_element;Periodic_table;Erbium	
1168	3	Algol;Arabic_language;Saudi_Arabia;Mecca	
1169	3	Algol;Middle_Ages;Germany;Nazism	
1170	0	Algol;Star;WRONG_ANSWER	
1171	0	Algol;Star;Mythology;Fiction;Literature;WRONG_ANSWER	
1172	3	Algol;Solar_System;Uranus;Uranium	
1173	2	Algol;Solar_System;Water	
1174	0	Algorithm;Computer_science;Mathematics;LOOP_DETECTED	
1175	0	Algorithm;Computer_science;Alan_Turing;LOOP_DETECTED	
1176	0	Algorithm;Computer_science;Mathematics;LOOP_DETECTED	
1177	4	Algorithm;Mathematics;Philosophy;Biology;Life	
1178	5	Algorithm;Computer_science;Mathematics;Philosophy;Buddhism;Pali_Canon	
1179	0	Algorithm;Computer_science;Alan_Turing;Computer_science;LOOP_DETECTED	
1180	3	Algorithm;Mathematics;16th_century;Spanish_Armada	
1181	0	Alice%27s_Adventures_in_Wonderland;WRONG_ANSWER	
1182	0	Alice%27s_Adventures_in_Wonderland;WRONG_ANSWER	
1183	0	Alice%27s_Adventures_in_Wonderland;England;WRONG_ANSWER	
1184	0	Alice%27s_Adventures_in_Wonderland;United_States;WRONG_ANSWER	
1185	0	All_Blacks;New_Zealand;Human_rights;WRONG_ANSWER	
1186	2	All_Blacks;England;English_Channel	
1187	0	All_Blacks;New_Zealand;Agriculture;WRONG_ANSWER	
1188	3	All_Blacks;New_Zealand;United_States;Music_of_the_United_States	
1189	3	All_Blacks;New_Zealand;Indonesia;Palm_oil	
1190	6	All_Blacks;New_Zealand;Agriculture;Fertilizer;Cadmium;Periodic_table;Thallium	
1191	0	All_Blacks;New_Zealand;WRONG_ANSWER	
1192	0	Allah;Islam;WRONG_ANSWER	
1193	2	Allah;Islam;Alcohol	
1194	4	Allah;Islam;Byzantine_Empire;Ancient_Greece;Alexander_the_Great	
1195	0	Allah;Islam;WRONG_ANSWER	
1196	0	Allah;Islam;Middle_East;Agriculture;Food;Islam;LOOP_DETECTED	
2117	0	Argentina;Spanish_language;WRONG_ANSWER	
2118	0	Argentina;WRONG_ANSWER	
2119	3	Argentina;United_States;President_of_the_United_States;James_Monroe	
2120	3	Argentina;United_States;President_of_the_United_States;Jimmy_Carter	
2121	0	Argentina;WRONG_ANSWER	
6522	3	Comics;United_Kingdom;Christianity;Jesus	
6523	2	Comics;Literature;Religion	
6524	0	Comics;Literature;WRONG_ANSWER	
6525	0	Comics;United_States;Education;Geography;WRONG_ANSWER	
6526	5	Comma_Johanneum;Mathematics;Computer_science;Internet;Compact_Disc;DVD	
8941	0	English_peasants%27_revolt_of_1381;Richard_II_of_England;Henry_IV_of_England;Richard_II_of_England;LOOP_DETECTED	
8942	5	English_poetry;England;Atlantic_Ocean;Ocean;Weather;Meteorology	
8943	4	English_poetry;Renaissance;Biology;Bacteria;Nitrogen_fixation	
8944	0	English_poetry;England;WRONG_ANSWER	
8945	4	Enigma_machine;World_War_II;Soviet_Union;Arctic;Arctic_Ocean	
9253	4	European_Parliament;European_Union;Global_warming;Carbon_dioxide;Carbon	
9254	4	European_Parliament;Europe;Earth;Solar_System;Galaxy	
9255	3	European_Parliament;United_Kingdom;London;London_Underground	
9256	2	European_Parliament;Netherlands;North_Sea	
9257	3	European_Parliament;Europe;Arctic_Ocean;Walrus	
9525	3	Federal_Bureau_of_Investigation;President_of_the_United_States;Mass_media;Radio	
9526	0	Federal_Bureau_of_Investigation;WRONG_ANSWER	
9527	4	Federal_Bureau_of_Investigation;President_of_the_United_States;United_States;United_Kingdom;Wales	
9528	3	Federated_States_of_Micronesia;Pacific_Ocean;Arctic;Arctic_Circle	
9529	5	Federated_States_of_Micronesia;United_States;Electronics;Semiconductor;Silicon;Crystal	
9530	0	Federated_States_of_Micronesia;WRONG_ANSWER	
9531	0	Fedora_Core;Linux;GNU_Project;Unix;Open_source;Unix;LOOP_DETECTED	
9532	0	Fedora_Core;Linux;GNU_Project;Unix;Linux;LOOP_DETECTED	
9533	0	Fedora_Core;Linux;GNU_Project;Unix;Linux;LOOP_DETECTED	
9534	0	Fedora_Core;Linux;GNU_Project;Richard_Stallman;WRONG_ANSWER	
10728	0	George_IV_of_the_United_Kingdom;Napoleon_I_of_France;Napoleonic_Wars;Napoleon_I_of_France;LOOP_DETECTED	
10729	3	George_IV_of_the_United_Kingdom;Napoleon_I_of_France;Sweden;Gothenburg	
10730	0	George_IV_of_the_United_Kingdom;British_monarchy;WRONG_ANSWER	
10731	0	George_IV_of_the_United_Kingdom;British_monarchy;United_Kingdom;Atlantic_Ocean;Ocean;Atlantic_Ocean;LOOP_DETECTED	
10732	4	George_I_of_Great_Britain;Holy_Roman_Empire;Austria;European_Union;Albania	
11514	0	Greece;United_Kingdom;WRONG_ANSWER	
11515	1	Greek_War_of_Independence;15th_century	
11516	3	Greek_War_of_Independence;19th_century;Latin_America;Dominican_Republic	
11517	0	Greek_War_of_Independence;Ottoman_Empire;Islam;Ottoman_Empire;LOOP_DETECTED	
11518	4	Greek_War_of_Independence;19th_century;Louis_Pasteur;Bacteria;Pneumonia	
12101	0	Henry_David_Thoreau;Charles_Darwin;Evolution;WRONG_ANSWER	
12102	3	Henry_David_Thoreau;Ecology;Bee;Honey_bee	
12103	0	Henry_David_Thoreau;Leo_Tolstoy;Fiction;Literature;Novel;English_language;British_Empire;English_language;LOOP_DETECTED	
12104	0	Henry_Fonda;Alfred_Hitchcock;WRONG_ANSWER	
12105	2	Henry_Fonda;World_War_II;Franklin_D._Roosevelt	
14157	0	Jesus;Christianity;WRONG_ANSWER	
14158	0	Jesus;Christianity;WRONG_ANSWER	
14159	3	Jesus;Christianity;Religion;Philosophy	
14160	3	Jesus;Christianity;Europe;Poland	
14161	0	Jesus;Christianity;WRONG_ANSWER	
14853	0	Ku_Klux_Klan;American_Civil_War;Mississippi_River;WRONG_ANSWER	
14854	4	Ku_Klux_Klan;United_States;Apollo_11;Moon;Mars	
14855	5	Ku_Klux_Klan;United_States;Education;Psychology;Carl_Jung;Myers-Briggs_Type_Indicator	
14856	0	Ku_Klux_Klan;United_States;Education;WRONG_ANSWER	
14857	0	Ku_Klux_Klan;United_States;WRONG_ANSWER	
14858	3	Ku_Klux_Klan;United_States;Japan;Sony	
14859	0	Ku_Klux_Klan;American_Civil_War;United_States;WRONG_ANSWER	
14860	0	Ku_Klux_Klan;American_Civil_War;United_States;WRONG_ANSWER	
14861	0	Kuala_Lumpur;Malaysia;United_Kingdom;WRONG_ANSWER	
14862	3	Kuala_Lumpur;Malaysia;United_States;Cuba	
22048	4	Robert_Schumann;Romanticism;Europe;Africa;Mbabane	
22049	0	Robert_Schumann;Romanticism;Folk_music;Music;Musical_instrument;Music;LOOP_DETECTED	
22050	0	Robert_Stephenson;England;WRONG_ANSWER	
22051	6	Robert_Stephenson;Isambard_Kingdom_Brunel;Bridge;Industrial_Revolution;Petroleum;Biodiesel;Lipid	
22052	5	Robert_Stephenson;Rail_transport;Transport;Energy;Computer;World_Wide_Web	
25473	4	The_Last_Supper_%28Leonardo%29;Leonardo_da_Vinci;Italy;United_States;North_America	
25474	0	The_Last_Supper_%28Leonardo%29;Leonardo_da_Vinci;Italy;Italian_Renaissance;Renaissance;Italian_Renaissance;LOOP_DETECTED	
25475	0	The_Legend_of_Zelda_series;Nintendo;Mario;Nintendo;LOOP_DETECTED	
25476	0	The_Legend_of_Zelda_series;Nintendo;Computer_and_video_games;Nintendo;LOOP_DETECTED	
25477	2	The_Legend_of_Zelda_series;Nintendo;France	
