path_id	steps	path
1000	5	Al_Jazeera;Middle_East;United_Kingdom;Canada;Pacific_Ocean;Australia
1001	0	Al_Jazeera;United_Kingdom;England;British_Empire;United_Kingdom;LOOP_DETECTED
1002	3	Al_Jazeera;Middle_East;India;Indian_independence_movement
1003	0	Al_Jazeera;Doha;Qatar;Doha;LOOP_DETECTED
1004	0	Al_Jazeera;Doha;Qatar;Al_Jazeera;LOOP_DETECTED
1005	3	Al_Jazeera;United_States;President_of_the_United_States;William_Howard_Taft
1006	4	Alan_Turing;Algorithm;Mathematics;Mesopotamia;Babylonia
1007	0	Alan_Turing;Algorithm;Computer_science;Mathematics;Applied_mathematics;Mathematics;LOOP_DETECTED
1008	0	Alan_Turing;Computer_science;Mathematics;Computer_science;LOOP_DETECTED
1009	0	Alan_Turing;Computer_science;Mathematics;Computer_science;LOOP_DETECTED
1010	0	Alan_Turing;Algorithm;Mathematics;Calculus;Mathematics;LOOP_DETECTED
1011	0	Alan_Turing;Algorithm;Computer_science;Cryptography;Computer_science;LOOP_DETECTED
1012	0	Alan_Turing;Computer_science;Alan_Turing;LOOP_DETECTED
1013	0	Alan_Turing;Computer_science;Mathematics;Quantum_mechanics;Quantum_chemistry;Quantum_mechanics;LOOP_DETECTED
1014	2	Albania;Human_rights;Animal_rights
1015	2	Albania;Thailand;Bangkok
1016	2	Albania;English_language;British_English
1017	4	Albania;Human_rights;Human_dignity;Immanuel_Kant;Human
1018	0	Albania;WRONG_ANSWER
1019	2	Albania;Spain;Madrid
1020	6	Albania;Europe;Asia;Earth;Solar_System;Galaxy;Milky_Way
1021	2	Albania;Denmark;North_Sea
1022	3	Albania;Agriculture;Fruit;Olive_oil
1023	0	Albania;Europe;Culture;Popular_culture;Mass_media;Technology;Computer_science;Game_theory;Computer_science;LOOP_DETECTED
1024	0	Albatross;Bird;Albatross;LOOP_DETECTED
1025	0	Albatross;Bird;Albatross;LOOP_DETECTED
1026	0	Albatross;Bird;Human;Family;Sociology;Family;LOOP_DETECTED
1027	2	Albatross;Bird;Emu
1028	4	Albatross;Bird;Biology;Mathematics;Euclid
1029	1	Albatross;Fossil
1030	0	Albatross;Bird;Animal;Bird;LOOP_DETECTED
1031	0	Albatross;Bird;Plant;Seed;Plant;LOOP_DETECTED
1032	0	Albert_Einstein;Germany;Albert_Einstein;LOOP_DETECTED
1033	3	Albert_Einstein;India;Buddhism;Abhidhamma_Pitaka
1034	0	Albert_Einstein;Berlin;WRONG_ANSWER
1035	2	Albert_Einstein;Israel;Arab-Israeli_conflict
1036	3	Albert_Einstein;United_States;President_of_the_United_States;Bill_Clinton
1037	0	Albert_Einstein;Nazi_Germany;The_Holocaust;Nazi_Germany;LOOP_DETECTED
1038	2	Albert_Einstein;Germany;Canada
1039	0	Albert_Einstein;Berlin;Germany;Austria;Vienna;Austria;LOOP_DETECTED
1040	0	Albert_Einstein;Germany;WRONG_ANSWER
1041	5	Albert_Einstein;Germany;Europe;Asia;United_Arab_Emirates;Emirate
1042	0	Albert_Einstein;United_States;WRONG_ANSWER
1043	3	Albert_Einstein;Africa;North_Africa;Maghreb
1044	1	Albert_Einstein;Niels_Bohr
1045	3	Albert_Einstein;Light;Color;Rainbow
1046	3	Albert_Einstein;Chemical_element;List_of_elements_by_name;Tin
1047	6	Alberto_Santos-Dumont;France;Brazil;South_America;Earth;Comet;Comet_Hale-Bopp
1048	4	Alberto_Santos-Dumont;Brazil;Atlantic_Ocean;Caribbean_Sea;Gulf_of_Mexico
1049	4	Alberto_Santos-Dumont;United_States;United_States_Congress;President_of_the_United_States;Lyndon_B._Johnson
1050	2	Alberto_Santos-Dumont;Physics;Niels_Bohr
1051	3	Albigensian_Crusade;France;Country;Government
1052	0	Albigensian_Crusade;France;Mediterranean_Sea;Europe;Mediterranean_Sea;LOOP_DETECTED
1053	0	Albigensian_Crusade;France;French_Revolution;France;LOOP_DETECTED
1054	2	Albigensian_Crusade;France;Time_zone
1055	5	Albinism;Honduras;Nicaragua;Costa_Rica;Panama;Colombia
1056	6	Albinism;Chromatophore;Animal;Organism;Chemical_element;Periodic_table;Fluorine
1057	5	Albinism;Retina;Eye;Light;Moon;Full_moon
1058	0	Albinism;Chromatophore;Animal;Organism;Biology;Genetics;DNA;Genetics;LOOP_DETECTED
1059	7	Albinism;Retina;Eye;Human;Christianity;Pope;Roman_Catholic_Church;Pope_Pius_XII
1060	0	Albinism;Chromatophore;Animal;Organism;Biology;Genetics;DNA;Genetics;LOOP_DETECTED
1061	5	Albrecht_D%C3%BCrer;Drawing;Art;Philosophy;Religion;Deity
1062	5	Albrecht_D%C3%BCrer;Drawing;Art;Science;Atom;Hydrogen
1063	4	Albrecht_D%C3%BCrer;Europe;Asia;Oceania;Vanuatu
1064	0	Alchemy;Chemistry;Antoine_Lavoisier;Chemistry;LOOP_DETECTED
1065	3	Alchemy;Chemistry;World_War_II;Attack_on_Pearl_Harbor
1066	0	Alchemy;Chemistry;Antoine_Lavoisier;Chemistry;LOOP_DETECTED
1067	0	Alchemy;Chemistry;Antoine_Lavoisier;Chemistry;LOOP_DETECTED
1068	2	Alchemy;Ancient_Rome;Rome
1069	6	Alchemy;Chemistry;Periodic_table;Engineering;Technology;Electronics;Telephone
1070	0	Alcibiades;Athens;Greece;Ancient_Greece;Alexander_the_Great;Macedon;Alexander_the_Great;LOOP_DETECTED
1071	2	Alcibiades;Athens;Canada
1072	7	Alcibiades;Athens;Plato;Philosophy;Logic;Computer_science;Alan_Turing;Doctor_Who
1073	4	Alcibiades;Athens;Greece;Africa;Lake_Victoria
1074	6	Alcohol;Chemistry;Biology;Animal;Magellanic_Penguin;Krill;Antarctic_krill
1075	2	Alcohol;Ethanol;Cancer
1076	3	Alcohol;Ethanol;United_Kingdom;Church_of_England
1077	3	Alcohol;Chemistry;Mathematics;Cryptography
1078	4	Alcohol;Ethanol;Brazil;Asia;Indonesia
1079	6	Alcohol;Ethanol;Brazil;Democracy;Liberal_democracy;Politics;Political_science
1080	2	Alcohol;Europe;Republic_of_Macedonia
1081	0	Alcohol;Chemistry;Biology;Animal;Bird;Wader;Bird;LOOP_DETECTED
1082	0	Alcohol;United_States;WRONG_ANSWER
1083	5	Aleksandr_Pushkin;Russia;United_States;United_States_Constitution;President_of_the_United_States;James_Buchanan
1084	6	Aleksandr_Pushkin;Russia;Christianity;Roman_Catholic_Church;Pope_John_Paul_II;Nobel_Peace_Prize;Mother_Teresa
1085	0	Aleksandr_Pushkin;Russia;Climate;Weather;Climate;LOOP_DETECTED
1086	0	Aleksandr_Vasilevsky;Soviet_Union;Cold_War;Soviet_Union;LOOP_DETECTED
1087	3	Aleksandr_Vasilevsky;Soviet_Union;Europe;Luxembourg
1088	6	Aleksandr_Vasilevsky;Soviet_Union;Europe;Earth;Acid_rain;Sulfuric_acid;Sulfur
1089	0	Alexander_Graham_Bell;Canada;Parliament_of_Canada;Canada;LOOP_DETECTED
1090	0	Alexander_Graham_Bell;Canada;Ottawa;Canada;LOOP_DETECTED
1091	2	Alexander_Graham_Bell;Canada;Canadian_football
1092	3	Alexander_Graham_Bell;Canada;Christianity;Crusades
1093	3	Alexander_Graham_Bell;Scotland;Edinburgh;David_Hume
1094	1	Alexander_Graham_Bell;Dublin
1095	4	Alexander_Graham_Bell;Canada;Second_Boer_War;South_Africa;History_of_South_Africa
1096	0	Alexander_Graham_Bell;Montreal;Canada;Ottawa;Canada;LOOP_DETECTED
1097	3	Alexander_Graham_Bell;Canada;Yugoslavia;Serbia_and_Montenegro
1098	4	Alexander_Graham_Bell;Canada;United_Kingdom;British_monarchy;William_IV_of_the_United_Kingdom
1099	0	Alexander_Hamilton;United_States;United_States_Constitution;United_States_Bill_of_Rights;United_States_Constitution;LOOP_DETECTED
1100	0	Alexander_Hamilton;United_States;Agriculture;Ethanol;Sugarcane;Ethanol;LOOP_DETECTED
1101	0	Alexander_Hamilton;France;French_Revolution;France;LOOP_DETECTED
1102	1	Alexander_Hamilton;France
1103	0	Alexander_Hamilton;Slavery;Atlantic_slave_trade;Slavery;LOOP_DETECTED
1104	3	Alexander_Hamilton;United_States;Currency;List_of_circulating_currencies
1105	0	Alexander_Hamilton;France;French_Revolution;France;LOOP_DETECTED
1106	3	Alexander_Hamilton;United_States;Agriculture;Soil
1107	0	Alexander_Hamilton;France;French_Revolution;France;LOOP_DETECTED
1108	6	Alexander_the_Great;Ancient_Greece;Hellenistic_Greece;History_of_Greece;Australia;New_Zealand;Auckland
1109	2	Alexander_the_Great;Philosophy;Isaac_Newton
1110	4	Alexander_the_Great;Ancient_Greece;Greece;Portugal;Lisbon
1111	8	Alexander_the_Great;Ancient_Greece;Hellenistic_Greece;Indo-Greek_Kingdom;India;Biodiversity;Bird;Falcon;Peregrine_Falcon
1112	3	Alexander_the_Great;Ancient_Greece;Greece;Russia
1113	4	Alexander_the_Great;Mesopotamia;Irrigation;Soil;Soil_salination
1114	3	Alfred_Hitchcock;United_States;Venezuela;Caracas
1115	0	Alfred_Hitchcock;Television;BBC;Television;LOOP_DETECTED
1116	4	Alfred_Hitchcock;England;Europe;Turkey;Istanbul
1117	3	Alfred_Hitchcock;United_States;Ecuador;Quito
1118	0	Alfred_Hitchcock;United_States;Apollo_11;Florida;Cape_Canaveral;John_F._Kennedy;Cape_Canaveral;LOOP_DETECTED
1119	0	Alfred_Hitchcock;England;British_Empire;United_Kingdom;Scotland;Edinburgh;Scotland;LOOP_DETECTED
1120	6	Alfred_Nobel;Nobel_Peace_Prize;United_Nations;Geneva;Switzerland;Russia;Belarus
1121	5	Alfred_Nobel;Nobel_Peace_Prize;United_Nations;Germany;Berlin;Berlin_Wall
1122	0	Alfred_Nobel;Nobel_Peace_Prize;Peace;Sweden;Denmark;Sweden;LOOP_DETECTED
1123	0	Alfred_Nobel;Nobel_Peace_Prize;United_Nations;Education;University;WRONG_ANSWER
1124	0	Alfred_Nobel;Nobel_Peace_Prize;Peace;United_States;Capitalism;Market;Money;Currency;Money;LOOP_DETECTED
1125	5	Alfred_Nobel;Nobel_Peace_Prize;Peace;Mind;Psychology;Sigmund_Freud
1126	4	Alfred_Nobel;Nobel_Peace_Prize;Oslo;Capital;Tokyo
1127	2	Alfred_Nobel;Nobel_Peace_Prize;United_Nations
1128	3	Alfred_the_Great;Old_English_language;English_language;French_language
1129	0	Alfred_the_Great;Wessex;Alfred_the_Great;LOOP_DETECTED
1130	3	Alfred_the_Great;England;United_Kingdom;Monarchy
1131	0	Alfred_the_Great;Middle_Ages;Music;Musical_instrument;Music;LOOP_DETECTED
1132	5	Alfred_the_Great;England;Industrial_Revolution;Technology;Space_exploration;Wernher_von_Braun
1133	2	Alfred_the_Great;England;York
1134	0	Algebra;Mathematics;Algebra;LOOP_DETECTED
1135	0	Algebra;Mathematics;Algebra;LOOP_DETECTED
1136	0	Algebra;Arithmetic;Elementary_arithmetic;Arithmetic;LOOP_DETECTED
1137	0	Algebra;Arithmetic;Mathematics;Algebra;LOOP_DETECTED
1138	0	Algebra;Mathematics;Algebra;LOOP_DETECTED
1139	3	Algebra;Europe;Hungary;Music_of_Hungary
1140	0	Algebra;Elementary_algebra;Algebra;LOOP_DETECTED
1141	0	Algebra;Mathematics;Algebra;LOOP_DETECTED
1142	0	Algebra;Mathematics;Algebra;LOOP_DETECTED
1143	4	Algeria;Education;Economics;Finance;Accountancy
1144	2	Algeria;United_States;American_football
1145	0	Algeria;North_Africa;Algeria;LOOP_DETECTED
1146	0	Algeria;France;Algeria;LOOP_DETECTED
1147	3	Algeria;France;United_Kingdom;Parliament_of_the_United_Kingdom
1148	4	Algeria;North_Africa;Mediterranean_Sea;Ocean;Pelagic_zone
1149	0	Algeria;North_Africa;Africa;Algeria;LOOP_DETECTED
1150	3	Algeria;France;Middle_Ages;Wars_of_the_Roses
1151	0	Algerian_Civil_War;Algeria;Algerian_Civil_War;LOOP_DETECTED
1152	0	Algerian_Civil_War;Algeria;North_Africa;Algeria;LOOP_DETECTED
1153	0	Algerian_Civil_War;Algeria;North_Africa;Algeria;LOOP_DETECTED
1154	6	Algerian_Civil_War;Democracy;Socialism;Communism;Colombia;Peru;Shining_Path
1155	3	Algerian_Civil_War;Algeria;Education;Society
1156	0	Algiers;Algeria;North_Africa;Africa;Algeria;LOOP_DETECTED
1157	5	Algiers;France;Algeria;North_Africa;World_War_II;Battle_of_Stalingrad
1158	3	Algiers;United_Kingdom;Scotland;Edinburgh
1159	2	Algiers;France;English_Channel
1160	0	Algiers;Algeria;North_Africa;Algeria;LOOP_DETECTED
1161	2	Algiers;Byzantine_Empire;Heraclius
1162	0	Algiers;Algeria;North_Africa;Africa;WRONG_ANSWER
1163	2	Algiers;Morocco;Rabat
1164	0	Algiers;Algeria;Algiers;LOOP_DETECTED
1165	3	Algiers;United_Kingdom;Buckingham_Palace;Windsor_Castle
1166	6	Algiers;Algeria;North_Africa;Ancient_Egypt;Ancient_Greece;Athena;Zeus
1167	4	Algol;Star;Chemical_element;Periodic_table;Erbium
1168	0	Algol;Star;Galaxy;Milky_Way;Galaxy;LOOP_DETECTED
1169	0	Algol;Star;Galaxy;Milky_Way;Galaxy;LOOP_DETECTED
1170	0	Algol;Star;WRONG_ANSWER
1171	0	Algol;Star;Galaxy;Milky_Way;Galaxy;LOOP_DETECTED
1172	4	Algol;Star;Chemical_element;Periodic_table;Uranium
1173	2	Algol;Earth;Water
1174	0	Algorithm;Computer_science;Mathematics;Algebra;Arithmetic;Elementary_arithmetic;Algorithm;LOOP_DETECTED
1175	0	Algorithm;Computer_science;Mathematics;Algebra;Arithmetic;Elementary_arithmetic;Arithmetic;LOOP_DETECTED
1176	6	Algorithm;Computer_science;Computer_programming;Programming_language;Computer;Television;Film
1177	3	Algorithm;Evolution;Biology;Life
1178	0	Algorithm;Computer_science;Linguistics;Language;Linguistics;LOOP_DETECTED
1179	0	Algorithm;Computer_science;Mathematics;Algebra;Mathematics;LOOP_DETECTED
1180	0	Algorithm;Computer_science;Mathematics;Algebra;Mathematics;LOOP_DETECTED
1181	4	Alice%27s_Adventures_in_Wonderland;England;United_Kingdom;Germany;Adolf_Hitler
1182	4	Alice%27s_Adventures_in_Wonderland;England;Church_of_England;English_Reformation;Martin_Luther
1183	3	Alice%27s_Adventures_in_Wonderland;England;British_Empire;World_War_II
1184	0	Alice%27s_Adventures_in_Wonderland;United_States;WRONG_ANSWER
1185	0	All_Blacks;New_Zealand;All_Blacks;LOOP_DETECTED
1186	3	All_Blacks;New_Zealand;England;English_Channel
1187	0	All_Blacks;New_Zealand;Abel_Tasman;New_Zealand;LOOP_DETECTED
1188	0	All_Blacks;New_Zealand;All_Blacks;LOOP_DETECTED
1189	4	All_Blacks;New_Zealand;Agriculture;Indonesia;Palm_oil
1190	0	All_Blacks;New_Zealand;Abel_Tasman;New_Zealand;LOOP_DETECTED
1191	0	All_Blacks;New_Zealand;WRONG_ANSWER
1192	5	Allah;Islam;Abbasid;Baghdad;Capital;Abuja
1193	2	Allah;Islam;Alcohol
1194	0	Allah;Islam;Muhammad;Islam;LOOP_DETECTED
1195	0	Allah;Islam;Mathematics;Algebra;Arithmetic;Elementary_arithmetic;Arithmetic;LOOP_DETECTED
1196	0	Allah;Islam;WRONG_ANSWER
1197	5	Allah;Islam;Mathematics;Astronomy;Solar_System;Pluto
1198	4	Allegory_in_the_Middle_Ages;Medieval_literature;Philosophy;Political_philosophy;Anarchism
1199	0	Allegory_in_the_Middle_Ages;Medieval_literature;Philosophy;Plato;Middle_Ages;Renaissance;Science;Atom;Chemical_element;Chemistry;Chemical_element;LOOP_DETECTED
1200	3	Allegory_in_the_Middle_Ages;Medieval_literature;Europe;England
1201	6	Allegory_in_the_Middle_Ages;Medieval_literature;Philosophy;Science;Technology;Radio;Radar
1202	0	Alligator;Reptile;Animal;Chordate;Reptile;LOOP_DETECTED
1203	0	Alligator;Reptile;Chordate;Reptile;LOOP_DETECTED
1204	0	Alligator;Reptile;Chordate;Vertebrate;Chordate;LOOP_DETECTED
1205	10	Alligator;Reptile;Animal;Energy;Chemistry;Carbon;Carbon_dioxide;Photosynthesis;Plant;Biofuel;Ethanol
1206	0	Alligator;Reptile;Animal;Chordate;Reptile;LOOP_DETECTED
1207	0	Alligator;Reptile;Animal;Chordate;Vertebrate;Reptile;LOOP_DETECTED
1208	0	Alligator;Reptile;Chordate;Vertebrate;Reptile;LOOP_DETECTED
1209	0	Alligator;Reptile;Chordate;Reptile;LOOP_DETECTED
1210	2	Alligator;Reptile;Oxygen
1211	0	Alligator;Reptile;Chordate;Vertebrate;Reptile;LOOP_DETECTED
1212	0	Alligator;Reptile;Chordate;Vertebrate;Chordate;LOOP_DETECTED
1213	0	Alliterative_verse;English_language;Language;Linguistics;Language;LOOP_DETECTED
1214	0	Alliterative_verse;English_language;United_Kingdom;England;United_Kingdom;LOOP_DETECTED
1215	3	Alliterative_verse;English_language;United_States;Mississippi_River
1216	0	Alliterative_verse;English_language;United_Kingdom;Scotland;Ben_Nevis;Scotland;LOOP_DETECTED
1217	7	Alliterative_verse;English_language;British_Empire;India;Asia;Iran;Cyrus_the_Great;Persian_Empire
1218	5	Alliterative_verse;English_language;United_Kingdom;Europe;Greece;Santorini
1219	0	Allosaurus;Dinosaur;Animal;Chordate;Animal;LOOP_DETECTED
1220	0	Allosaurus;Dinosaur;Animal;Mammal;Animal;LOOP_DETECTED
1221	5	Allosaurus;Dinosaur;Animal;Plant;Fruit;Bean
1222	5	Allosaurus;Dinosaur;Chemistry;Chemical_element;Periodic_table;Cerium
1223	0	Allosaurus;Dinosaur;Animal;Chordate;Vertebrate;Animal;LOOP_DETECTED
1224	5	Allosaurus;Dinosaur;Cretaceous;Atlantic_Ocean;Tropical_cyclone;Hurricane_Camille
1225	0	Allosaurus;Dinosaur;Animal;Organism;Animal;LOOP_DETECTED
1226	0	Allosaurus;Dinosaur;Animal;Organism;Life;Organism;LOOP_DETECTED
1227	0	Almaty;Kazakhstan;Soviet_Union;Mikhail_Gorbachev;Soviet_Union;LOOP_DETECTED
1228	8	Almaty;Kazakhstan;United_Kingdom;James_Clerk_Maxwell;Michael_Faraday;Chemistry;Atom;Physics;Ernest_Rutherford
1229	2	Almaty;Kazakhstan;People%27s_Republic_of_China
1230	0	Almaty;Kazakhstan;Soviet_Union;Mikhail_Gorbachev;Kazakhstan;LOOP_DETECTED
1231	0	Almond;Plant;Flower;Fruit;Plant;LOOP_DETECTED
1232	2	Almond;California;Arnold_Schwarzenegger
1233	0	Almond;Fruit;Cereal;Wheat;Cereal;LOOP_DETECTED
1234	0	Almond;Plant;Animal;Bird;Bird_migration;Blackbird;Bird;LOOP_DETECTED
1235	4	Almond;Plant;Agriculture;France;French_language
1236	0	Almond;Plant;Agriculture;Fertile_Crescent;Mesopotamia;Iraq;Baghdad;Iraq_War;Human_rights;International_human_rights_instruments;Human_rights;LOOP_DETECTED
1237	1	Almond;Olive_oil
1238	0	Almond;Fruit;Coconut;Arecaceae;Coconut;LOOP_DETECTED
1239	0	Alpaca;Animal;Organism;Animal;LOOP_DETECTED
1240	3	Alpaca;Animal;Insect;Ant
1241	4	Alpaca;South_America;Latin_America;Argentina;Basketball
1242	5	Alpaca;South_America;Latin_America;Mexico;Currency;Coin
1243	0	Alpaca;Animal;Chordate;Vertebrate;Chordate;LOOP_DETECTED
1244	0	Alpaca;Animal;Chordate;Vertebrate;Chordate;LOOP_DETECTED
1245	3	Alpaca;South_America;Atlantic_Ocean;Mediterranean_Sea
1246	3	Alpaca;Animal;Energy;Nuclear_fission
1247	2	Alpaca;England;Old_English_language
1248	0	Alpaca;Animal;Mammal;Animal;LOOP_DETECTED
1249	0	Alpaca;Animal;Chordate;Vertebrate;Chordate;LOOP_DETECTED
1250	0	Alpaca;Animal;Bird;Evolution;Charles_Darwin;Evolution;LOOP_DETECTED
1251	6	Alpaca;Animal;Organism;Biology;Evolution;Computer;Unix
1252	0	Alphabet;Latin_alphabet;Africa;Atlantic_Ocean;Africa;LOOP_DETECTED
1253	5	Alphabet;Latin_alphabet;Roman_Empire;Ottoman_Empire;Islam;Babur
1254	2	Alphabet;Sanskrit;Buddhism
1255	0	Alphabet;Latin_alphabet;Latin;Latin_alphabet;LOOP_DETECTED
1256	5	Alphabet;Latin_alphabet;Latin;United_States;President_of_the_United_States;Franklin_Pierce
1257	4	Alphabet;Latin_alphabet;Roman_Empire;Christianity;Jesus
1258	6	Alphabet;Latin_alphabet;Roman_Empire;Ancient_Rome;War;Napoleon_I_of_France;Napoleonic_Wars
1259	0	Alphabet;Latin_alphabet;Alphabet;LOOP_DETECTED
1260	0	Alphabet;Latin_alphabet;Latin;Latin_alphabet;LOOP_DETECTED
1261	0	Alphabet;Latin_alphabet;Latin;Roman_Empire;Ancient_Rome;Roman_Empire;LOOP_DETECTED
1262	0	Alphabet;Latin_alphabet;Alphabet;LOOP_DETECTED
1263	0	Alternating_current;Electricity;Electric_charge;Electricity;LOOP_DETECTED
1264	0	Alternating_current;Electricity;Alternating_current;LOOP_DETECTED
1265	0	Alternating_current;Electricity;Energy;Electricity;LOOP_DETECTED
1266	0	Alternating_current;Electricity;Alternating_current;LOOP_DETECTED
1267	0	Alternating_current;Electricity;Alternating_current;LOOP_DETECTED
1268	0	Alternating_current;Electricity;Alternating_current;LOOP_DETECTED
1269	5	Alternation_of_generations;Plant;Soil;Chemistry;Chemical_element;Antimony
1270	4	Alternation_of_generations;Plant;Agriculture;Africa;Benin
1271	0	Alternation_of_generations;Plant;Photosynthesis;Carbon_dioxide;Global_warming;Climate_change;Global_warming;LOOP_DETECTED
1272	4	Alternation_of_generations;Plant;Flower;United_Kingdom;Constitutional_monarchy
1273	0	Alternation_of_generations;Plant;Agriculture;Botany;Biology;WRONG_ANSWER
1274	0	Alternation_of_generations;Plant;Agriculture;Fertile_Crescent;Mesopotamia;Baghdad;Iraq;Baghdad;LOOP_DETECTED
1275	4	Alternation_of_generations;Plant;Lung_cancer;Cancer;Hepatocellular_carcinoma
1276	0	Alternation_of_generations;Plant;Flower;Pollinator;Flower;LOOP_DETECTED
1277	6	Alternative_rock;United_States;Apollo_11;Moon;Solar_System;Universe;Big_Bang
1278	0	Alternative_rock;WRONG_ANSWER
1279	0	Alternative_rock;WRONG_ANSWER
1280	2	Alternative_rock;United_States;Maize
1281	3	Alternative_rock;England;19th_century;Michael_Faraday
1282	3	Alternative_rock;United_States;Agriculture;Milk
1283	0	Alternative_rock;WRONG_ANSWER
1284	2	Alternative_rock;United_States;North_America
1285	0	Alternative_rock;WRONG_ANSWER
1286	4	Alternative_rock;United_States;United_States_Congress;President_of_the_United_States;William_McKinley
1287	4	Alternative_rock;United_States;Computer;Microsoft_Windows;Windows_XP
1288	2	Aluminium;Moon;Apollo_8
1289	0	Aluminium;Chemical_element;Chemistry;Chemical_element;LOOP_DETECTED
1290	0	Aluminium;Periodic_table;Aluminium;LOOP_DETECTED
1291	5	Aluminium;Ancient_Greece;Hellenistic_Greece;Alexander_the_Great;India;Hinduism
1292	0	Aluminium;Magnesium;Aluminium;LOOP_DETECTED
1293	0	Aluminium;Chemical_element;Chemistry;Chemical_element;LOOP_DETECTED
1294	0	Aluminium_chloride;Chlorine;Chemical_element;Chemistry;Chemical_element;LOOP_DETECTED
1295	0	Aluminium_chloride;Chlorine;Chemical_element;Chemistry;Matter;Chemistry;LOOP_DETECTED
1296	4	Aluminium_chloride;Chlorine;Chemical_element;Periodic_table;Neptunium
1297	0	Aluminium_chloride;Aluminium;Periodic_table;Biology;Plant;Flower;Plant;LOOP_DETECTED
1298	6	Aluminium_chloride;Chlorine;Periodic_table;Biology;Animal;Bird;Parrot
1299	8	Aluminium_chloride;Chlorine;Chemical_element;Chemistry;Biology;Anatomy;Human;Brain;Stroke
1300	0	Aluminium_chloride;Chlorine;Periodic_table;Chemical_element;Chemistry;Chemical_element;LOOP_DETECTED
1301	0	Alzheimer%27s_disease;Ronald_Reagan;Alzheimer%27s_disease;LOOP_DETECTED
1302	3	Alzheimer%27s_disease;Ronald_Reagan;South_America;Chile
1303	0	Alzheimer%27s_disease;B_vitamins;Folic_acid;Food;Culture;WRONG_ANSWER
1304	7	Alzheimer%27s_disease;B_vitamins;Folic_acid;Food;Fishing;Fish;Aquarium;Goldfish
1305	0	Alzheimer%27s_disease;B_vitamins;Vitamin;B_vitamins;LOOP_DETECTED
1306	2	Alzheimer%27s_disease;Ronald_Reagan;Poland
1307	2	Alzheimer%27s_disease;DNA;Virus
1308	3	Alzheimer%27s_disease;Ronald_Reagan;New_York_City;Wall_Street
1309	6	Amaranth_oil;Fatty_acid;Chemistry;Biology;Animal;Bird;Albatross
1310	0	Amarillo%2C_Texas;Natural_gas;Fossil_fuel;Carbon;Chemical_element;Chemistry;Chemical_element;LOOP_DETECTED
1311	7	Amarillo%2C_Texas;Natural_gas;Fossil_fuel;Carbon;Earth;Plate_tectonics;Continental_crust;Craton
1312	0	Amarillo%2C_Texas;Space_Shuttle_Columbia;International_Space_Station;Space_station;International_Space_Station;LOOP_DETECTED
1313	6	Amarillo%2C_Texas;Cotton;Ecology;Soil;Soil_science;Hydrology;Soil_moisture
1314	2	Amarillo%2C_Texas;United_States;Thailand
1315	3	Amazon_Basin;South_America;Islam;Allah
1316	0	Amazon_Basin;Agriculture;Fruit;Citrus;Fruit;LOOP_DETECTED
1317	0	Amazon_Basin;South_America;Amazon_Basin;LOOP_DETECTED
1318	0	Amazon_Basin;South_America;United_States;American_football;United_States;LOOP_DETECTED
1319	0	Amazon_Basin;Amazon_River;Biodiversity;Biology;Genetics;DNA;Genetics;LOOP_DETECTED
1320	4	Amazon_Basin;Brazil;Latin_America;Roman_Empire;Claudius
1321	4	Amazon_Basin;Brazil;Middle_East;United_Arab_Emirates;Dubai
1322	0	Amazon_Basin;Brazil;Amazon_Basin;LOOP_DETECTED
1323	0	Amazon_Basin;Brazil;South_America;Amazon_Basin;LOOP_DETECTED
1324	3	Amazon_Basin;South_America;Africa;Southern_Africa
1325	0	Amazon_Basin;South_America;Amazon_Basin;LOOP_DETECTED
1326	3	Amazon_Basin;South_America;20th_century;The_Holocaust
1327	0	Amazon_Basin;Brazil;South_America;Amazon_Rainforest;Amazon_Basin;LOOP_DETECTED
1328	5	Amazon_Basin;Brazil;South_America;North_America;Canada;Toronto
1329	2	Amazon_Rainforest;Insect;Ant
1330	0	Amazon_Rainforest;Amazon_Basin;Brazil;Amazon_Basin;LOOP_DETECTED
1331	3	Amazon_Rainforest;Amazon_Basin;City;Civilization
1332	4	Amazon_Rainforest;Amazon_Basin;South_America;France;French_Revolution
1333	3	Amazon_Rainforest;Asia;Buddhism;Gautama_Buddha
1334	0	Amazon_Rainforest;Amazon_Basin;South_America;Amazon_Rainforest;LOOP_DETECTED
1335	2	Amazon_Rainforest;Climate_change;Ice_age
1336	0	Amazon_Rainforest;Amazon_Basin;Brazil;Amazon_Basin;LOOP_DETECTED
1337	6	Amazon_Rainforest;Amazon_Basin;South_America;United_States;United_States_Congress;President_of_the_United_States;Lyndon_B._Johnson
1338	3	Amazon_Rainforest;Asia;India;Mumbai
1339	2	Amazon_Rainforest;Biodiversity;Pollinator
1340	0	Amazon_River;Amazon_Basin;South_America;Amazon_Basin;LOOP_DETECTED
1341	3	Amazon_River;South_America;Oceania;Australia
1342	0	Amazon_River;Amazon_Basin;South_America;Amazon_Basin;LOOP_DETECTED
1343	0	Amazon_River;Amazon_Basin;Amazon_River;LOOP_DETECTED
1344	0	Amazon_River;Amazon_Basin;Brazil;Amazon_Basin;LOOP_DETECTED
1345	2	Amazon_River;Agriculture;Food
1346	4	Amazon_River;Amazon_Basin;Fishing;Shark;Great_white_shark
1347	0	Amazon_River;Amazon_Basin;South_America;Amazon_Basin;LOOP_DETECTED
1348	8	Amazon_River;Amazon_Basin;Brazil;Constitutional_monarchy;Monarchy;England;Henry_I_of_England;Henry_II_of_England;Henry_III_of_England
1349	0	Amazon_River;Amazon_Basin;Agriculture;Food;Supply_and_demand;Economics;Capitalism;Economics;LOOP_DETECTED
1350	0	Amazon_River;Amazon_Basin;Brazil;South_America;Amazon_Basin;LOOP_DETECTED
1351	0	Amazon_River;Amazon_Basin;South_America;Amazon_Basin;LOOP_DETECTED
1352	0	Amazon_River;Amazon_Basin;South_America;Latin_America;South_America;LOOP_DETECTED
1353	1	Amazon_River;Nile
1354	3	Amazon_River;Amazon_Basin;Agriculture;Phosphorus
1355	0	Amazon_parrot;Parrot;Bird;Plant;Herbivore;Plant;LOOP_DETECTED
1356	7	Amazon_parrot;Parrot;Bird;Human;City;Asia;Doha;Dubai
1357	4	Amazon_parrot;Bird;Human;Europe;England
1358	0	Amazon_parrot;Bird;Animal;Bird;LOOP_DETECTED
1359	0	Amazon_parrot;Bird;Animal;Bird;LOOP_DETECTED
1360	0	Amazon_parrot;Bird;Animal;Bird;LOOP_DETECTED
1361	0	Amazon_parrot;Bird;Animal;Organism;Biology;Evolution;Biology;LOOP_DETECTED
1362	0	Amazon_parrot;Bird;Animal;Bird;LOOP_DETECTED
1363	4	Amazon_parrot;Bird;Human;Europe;Germany
1364	0	Amazon_parrot;Bird;Animal;Bird;LOOP_DETECTED
1365	0	Amazon_parrot;Bird;Animal;Bird;LOOP_DETECTED
1366	0	Amazon_parrot;Bird;Parrot;Bird;LOOP_DETECTED
1367	0	Amazon_parrot;Bird;Parrot;Bird;LOOP_DETECTED
1368	0	Amazon_parrot;Parrot;Bird;Animal;Bird;LOOP_DETECTED
1369	0	Amazon_parrot;Bird;Animal;Bird;LOOP_DETECTED
1370	7	Amber;Bronze_Age;Civilization;Middle_Ages;4th_century;5th_century;6th_century;7th_century
1371	3	Amber;Bronze_Age;Civilization;Ancient_Greece
1372	0	Amber;Plato;Philosophy;Animal_rights;Bonobo;Chimpanzee;Bonobo;LOOP_DETECTED
1373	2	Amber;Asia;China
1374	0	Amber;Turkey;Agriculture;Meat;Poultry;Bird;WRONG_ANSWER
1375	2	Amber;Latin;French_language
1376	4	Amber;Carbon;Chemical_element;Periodic_table;Indium
1377	3	Amber;Denmark;Viking;Leif_Ericson
1378	2	Amber;England;London
1379	2	Amber;Mexico;Mestizo
1380	0	Amber;WRONG_ANSWER
1381	2	Amber;Canada;North_America
1382	3	Amber;Carbon;Atom;Nuclear_fission
1383	0	Amber;Electricity;Amber;LOOP_DETECTED
1384	0	American_Civil_War;United_States;Abraham_Lincoln;American_Civil_War;LOOP_DETECTED
1385	3	American_Civil_War;Europe;United_Kingdom;Great_Britain
1386	5	American_Civil_War;Slavery;Agriculture;Vegetable;Plant;Herbivore
1387	1	American_Civil_War;Jesus
1388	3	American_Civil_War;United_States;Middle_East;Kuwait_City
1389	4	American_Civil_War;United_States;United_Kingdom;England;Nottingham
1390	3	American_Civil_War;United_States;Mauritania;Nouakchott
1391	2	American_Civil_War;Europe;Poland
1392	2	American_English;British_English;England
1393	0	American_English;Canada;United_States;WRONG_ANSWER
1394	2	American_English;English_language;The_Gambia
1395	0	American_Revolutionary_War;WRONG_ANSWER
1396	0	American_Revolutionary_War;United_States_Declaration_of_Independence;Thomas_Jefferson;United_States_Declaration_of_Independence;LOOP_DETECTED
1397	0	American_Revolutionary_War;United_States;WRONG_ANSWER
1398	0	American_Revolutionary_War;United_States;California;Redwood_National_and_State_Parks;California;LOOP_DETECTED
1399	0	American_Revolutionary_War;France;French_Revolution;Age_of_Enlightenment;Benjamin_Franklin;Age_of_Enlightenment;LOOP_DETECTED
1400	0	American_Revolutionary_War;France;Middle_Ages;Byzantine_Empire;Middle_Ages;LOOP_DETECTED
1401	1	American_Revolutionary_War;North_America
1402	4	American_Revolutionary_War;Spain;South_America;Ecuador;Quito
1403	0	American_Revolutionary_War;France;French_Revolution;Napoleon_I_of_France;Napoleonic_Wars;France;LOOP_DETECTED
1404	0	American_Samoa
1405	0	American_Samoa;Samoa;American_Samoa;LOOP_DETECTED
1406	0	American_Samoa;Samoa;American_Samoa;LOOP_DETECTED
1407	3	American_Samoa;English_language;Canada;Canadian_English
1408	0	American_Samoa;United_States;American_Samoa;LOOP_DETECTED
1409	2	American_Samoa;United_States;Guam
1410	0	American_Samoa;Samoa;American_Samoa;LOOP_DETECTED
1411	0	American_Samoa;English_language;William_Shakespeare;English_language;LOOP_DETECTED
1412	0	American_Samoa;United_States;American_Samoa;LOOP_DETECTED
1413	0	American_Samoa;Samoa;Rugby_football;Football;FIFA;Football_%28soccer%29;Football;LOOP_DETECTED
1414	1	American_Samoa;United_States
1415	6	American_football;United_States;American_Civil_War;Abraham_Lincoln;Andrew_Johnson;President_of_the_United_States;Andrew_Jackson
1416	3	American_football;Canada;Chinese_language;China
1417	2	American_football;United_Kingdom;Church_of_England
1418	2	American_football;United_States;Florida
1419	0	American_football;Canada;Canadian_football;American_football;LOOP_DETECTED
1420	2	American_football;United_Kingdom;Jane_Austen
1421	2	American_football;Japan;Katana
1422	3	American_football;Mexico;Costa_Rica;Nicaragua
1423	2	American_football;Canada;North_America
1424	0	American_football;Football;American_football;LOOP_DETECTED
1425	2	American_football;United_States;Oregon
1426	3	American_football;Korea;North_Korea;Pyongyang
1427	4	American_football;Football;Ancient_Rome;Christianity;Religion
1428	3	American_popular_music;United_States;Thailand;Bangkok
1429	0	American_popular_music;Music_of_the_United_States;Music_of_Hawaii;Music_of_the_United_States;LOOP_DETECTED
1430	0	American_popular_music;Cuba;Caribbean_Sea;Cuba;LOOP_DETECTED
1431	0	American_popular_music;United_States;Italy;Roman_Empire;Italy;LOOP_DETECTED
1432	0	American_popular_music;Music_of_the_United_States;Jazz;Music;Sound;Music;LOOP_DETECTED
1433	0	American_popular_music;Music_of_the_United_States;California;Pacific_Ocean;Water;Ocean;Sea;Ocean;LOOP_DETECTED
1434	3	American_popular_music;Music_of_the_United_States;Cinema_of_the_United_States;Video
1435	0	Americium;Curium;Americium;LOOP_DETECTED
1436	0	Americium;Curium;Americium;LOOP_DETECTED
1437	0	Americium;Curium;Americium;LOOP_DETECTED
1438	0	Americium;Curium;Americium;LOOP_DETECTED
1439	4	Amish;Germany;Nazism;Nazi_Germany;Adolf_Hitler
1440	3	Amish;United_States;California;Bay_Area_Rapid_Transit
1441	2	Amish;Electricity;Electric_field
1442	3	Amish;United_States;Mexico;Mexico_City
1443	3	Amish;United_States;Florida;Miami%2C_Florida
1444	0	Amish;United_States;United_Kingdom;Parliament_of_the_United_Kingdom;WRONG_ANSWER
1445	0	Amish;United_States;United_States_Constitution;WRONG_ANSWER
1446	5	Amish;United_States;Medicine;Health;Nutrition;Vitamin
1447	0	Ammolite;Ammonite;Ammolite;LOOP_DETECTED
1448	0	Ammolite;Canada;Montreal;Canada;LOOP_DETECTED
1449	0	Ammolite;Canada;Parliament_of_Canada;Canada;LOOP_DETECTED
1450	0	Ammolite;Ammonite;Ammolite;LOOP_DETECTED
1451	0	Ammolite;Canada;Parliament_of_Canada;Canada;LOOP_DETECTED
1452	0	Ammolite;Ammonite;Ammolite;LOOP_DETECTED
1453	0	Ammolite;Ammonite;Ammolite;LOOP_DETECTED
1454	3	Ammolite;Canada;Ice_hockey;Sport
1455	0	Ammolite;Canada;Toronto;Canada;LOOP_DETECTED
1456	4	Ammolite;Canada;Canadian_Pacific_Railway;Rail_transport;Train
1457	0	Ammolite;Canada;Ottawa;Canada;LOOP_DETECTED
1458	0	Ammolite;Ammonite;Ammolite;LOOP_DETECTED
1459	2	Ammonia;Middle_Ages;Holy_Roman_Empire
1460	0	Ammonia;Fertilizer;Nitrogen;Nitrogen_cycle;Nitrogen_fixation;Nitrogen;LOOP_DETECTED
1461	0	Ammonia;Nitrogen;Fertilizer;Plant;Flower;Pollinator;Flower;LOOP_DETECTED
1462	0	Ammonia;WRONG_ANSWER
1463	0	Ammonia;Nitrogen;Ammonia;LOOP_DETECTED
1464	0	Ammonite;Fossil;Paleontology;Fossil;LOOP_DETECTED
1465	5	Ammonite;Fossil;Mineral;Chemical_element;Periodic_table;Copper
1466	7	Ammonite;Fossil;Paleontology;Biology;Plant;Fruit;Apple;Johnny_Appleseed
1467	0	Ammonite;Cretaceous;Dinosaur;Ammonite;LOOP_DETECTED
1468	0	Ammosaurus;Dinosaur;Ammosaurus;LOOP_DETECTED
1469	4	Ammosaurus;Dinosaur;Animal;Insect;Bedbug
1470	0	Ammosaurus;Dinosaur;Ammosaurus;LOOP_DETECTED
1471	0	Ammosaurus;Dinosaur;Ammosaurus;LOOP_DETECTED
1472	0	Ammosaurus;Dinosaur;Ammosaurus;LOOP_DETECTED
1473	0	Ammosaurus;Dinosaur;Animal;Organism;Animal;LOOP_DETECTED
1474	3	Amsterdam;Train;Rail_transport;Amtrak
1475	3	Amsterdam;Netherlands;Agriculture;Cotton
1476	2	Amsterdam;Europe;Croatia
1477	4	Amsterdam;Canal;Panama_Canal;Colombia;Panama
1478	3	Amsterdam;North_Sea;Baltic_Sea;Sea
1479	3	Amsterdam;North_America;Canada;Toronto
1480	2	Amsterdam;Europe;Turkey
1481	2	Amtrak;United_States;Attack_on_Pearl_Harbor
1482	3	Amtrak;United_States;Cold_War;Berlin_Wall
1483	0	Amtrak;United_States;California;United_States;LOOP_DETECTED
1484	0	Amtrak;Train;Rail_transport;Amtrak;LOOP_DETECTED
1485	4	Amtrak;United_States;American_Revolutionary_War;France;Napoleonic_Wars
1486	0	Amtrak;United_States;Amtrak;LOOP_DETECTED
1487	4	Amtrak;United_States;Mining;Mineral;Vanadium
1488	2	Amtrak;United_States;World_Health_Organization
1489	4	Amur;Asia;Greece;Ancient_Greece;Battle_of_Marathon
1490	4	Amur;Pacific_Ocean;United_States;Attack_on_Pearl_Harbor;Battle_of_Midway
1491	0	Amur;Asia;Economy_of_Africa;Agriculture;Cereal;Nutrition;Food;Cereal;LOOP_DETECTED
1492	0	Amur;Russia;Amur;LOOP_DETECTED
1493	0	Amur;Russia;Amur;LOOP_DETECTED
1494	0	Anaconda;South_America;Anaconda;LOOP_DETECTED
1495	4	Anaconda;Reptile;Dinosaur;Theropoda;Allosaurus
1496	6	Anaconda;South_America;Latin_America;Civilization;Technology;Computer;Computer_and_video_games
1497	2	Anaconda;Argentina;Japan
1498	0	Anaconda;South_America;Anaconda;LOOP_DETECTED
1499	0	Anaconda;South_America;Anaconda;LOOP_DETECTED
1000	5	Al_Jazeera;Middle_East;United_Kingdom;Canada;Pacific_Ocean;Australia
1001	0	Al_Jazeera;United_Kingdom;England;British_Empire;United_Kingdom;LOOP_DETECTED
1002	3	Al_Jazeera;Middle_East;India;Indian_independence_movement
1003	0	Al_Jazeera;Doha;Qatar;Doha;LOOP_DETECTED
1004	0	Al_Jazeera;Doha;Qatar;Al_Jazeera;LOOP_DETECTED
1005	3	Al_Jazeera;United_States;President_of_the_United_States;William_Howard_Taft
1006	4	Alan_Turing;Algorithm;Mathematics;Mesopotamia;Babylonia
1007	0	Alan_Turing;Algorithm;Computer_science;Mathematics;Applied_mathematics;Mathematics;LOOP_DETECTED
1008	0	Alan_Turing;Computer_science;Mathematics;Computer_science;LOOP_DETECTED
1009	0	Alan_Turing;Computer_science;Mathematics;Computer_science;LOOP_DETECTED
1010	0	Alan_Turing;Algorithm;Mathematics;Calculus;Mathematics;LOOP_DETECTED
1011	0	Alan_Turing;Algorithm;Computer_science;Cryptography;Computer_science;LOOP_DETECTED
1012	0	Alan_Turing;Computer_science;Alan_Turing;LOOP_DETECTED
1013	0	Alan_Turing;Computer_science;Mathematics;Quantum_mechanics;Quantum_chemistry;Quantum_mechanics;LOOP_DETECTED
1014	2	Albania;Human_rights;Animal_rights
1015	2	Albania;Thailand;Bangkok
1016	2	Albania;English_language;British_English
1017	4	Albania;Human_rights;Human_dignity;Immanuel_Kant;Human
1018	0	Albania;WRONG_ANSWER
1019	2	Albania;Spain;Madrid
1020	6	Albania;Europe;Asia;Earth;Solar_System;Galaxy;Milky_Way
1021	2	Albania;Denmark;North_Sea
1022	3	Albania;Agriculture;Fruit;Olive_oil
1023	0	Albania;Europe;Culture;Popular_culture;Mass_media;Technology;Computer_science;Game_theory;Computer_science;LOOP_DETECTED
1024	0	Albatross;Bird;Albatross;LOOP_DETECTED
1025	0	Albatross;Bird;Albatross;LOOP_DETECTED
1026	0	Albatross;Bird;Human;Family;Sociology;Family;LOOP_DETECTED
1027	2	Albatross;Bird;Emu
1028	4	Albatross;Bird;Biology;Mathematics;Euclid
1029	1	Albatross;Fossil
1030	0	Albatross;Bird;Animal;Bird;LOOP_DETECTED
1031	0	Albatross;Bird;Plant;Seed;Plant;LOOP_DETECTED
1032	0	Albert_Einstein;Germany;Albert_Einstein;LOOP_DETECTED
1033	3	Albert_Einstein;India;Buddhism;Abhidhamma_Pitaka
1034	0	Albert_Einstein;Berlin;WRONG_ANSWER
1035	2	Albert_Einstein;Israel;Arab-Israeli_conflict
1036	3	Albert_Einstein;United_States;President_of_the_United_States;Bill_Clinton
1037	0	Albert_Einstein;Nazi_Germany;The_Holocaust;Nazi_Germany;LOOP_DETECTED
1038	2	Albert_Einstein;Germany;Canada
1039	0	Albert_Einstein;Berlin;Germany;Austria;Vienna;Austria;LOOP_DETECTED
1040	0	Albert_Einstein;Germany;WRONG_ANSWER
1041	5	Albert_Einstein;Germany;Europe;Asia;United_Arab_Emirates;Emirate
1042	0	Albert_Einstein;United_States;WRONG_ANSWER
1043	3	Albert_Einstein;Africa;North_Africa;Maghreb
1044	1	Albert_Einstein;Niels_Bohr
1045	3	Albert_Einstein;Light;Color;Rainbow
1046	3	Albert_Einstein;Chemical_element;List_of_elements_by_name;Tin
1047	6	Alberto_Santos-Dumont;France;Brazil;South_America;Earth;Comet;Comet_Hale-Bopp
1048	4	Alberto_Santos-Dumont;Brazil;Atlantic_Ocean;Caribbean_Sea;Gulf_of_Mexico
1049	4	Alberto_Santos-Dumont;United_States;United_States_Congress;President_of_the_United_States;Lyndon_B._Johnson
1050	2	Alberto_Santos-Dumont;Physics;Niels_Bohr
1051	3	Albigensian_Crusade;France;Country;Government
1052	0	Albigensian_Crusade;France;Mediterranean_Sea;Europe;Mediterranean_Sea;LOOP_DETECTED
1053	0	Albigensian_Crusade;France;French_Revolution;France;LOOP_DETECTED
1054	2	Albigensian_Crusade;France;Time_zone
1055	5	Albinism;Honduras;Nicaragua;Costa_Rica;Panama;Colombia
1056	6	Albinism;Chromatophore;Animal;Organism;Chemical_element;Periodic_table;Fluorine
1057	5	Albinism;Retina;Eye;Light;Moon;Full_moon
1058	0	Albinism;Chromatophore;Animal;Organism;Biology;Genetics;DNA;Genetics;LOOP_DETECTED
1059	7	Albinism;Retina;Eye;Human;Christianity;Pope;Roman_Catholic_Church;Pope_Pius_XII
1060	0	Albinism;Chromatophore;Animal;Organism;Biology;Genetics;DNA;Genetics;LOOP_DETECTED
1061	5	Albrecht_D%C3%BCrer;Drawing;Art;Philosophy;Religion;Deity
1062	5	Albrecht_D%C3%BCrer;Drawing;Art;Science;Atom;Hydrogen
1063	4	Albrecht_D%C3%BCrer;Europe;Asia;Oceania;Vanuatu
1064	0	Alchemy;Chemistry;Antoine_Lavoisier;Chemistry;LOOP_DETECTED
1065	3	Alchemy;Chemistry;World_War_II;Attack_on_Pearl_Harbor
1066	0	Alchemy;Chemistry;Antoine_Lavoisier;Chemistry;LOOP_DETECTED
1067	0	Alchemy;Chemistry;Antoine_Lavoisier;Chemistry;LOOP_DETECTED
1068	2	Alchemy;Ancient_Rome;Rome
1069	6	Alchemy;Chemistry;Periodic_table;Engineering;Technology;Electronics;Telephone
1070	0	Alcibiades;Athens;Greece;Ancient_Greece;Alexander_the_Great;Macedon;Alexander_the_Great;LOOP_DETECTED
1071	2	Alcibiades;Athens;Canada
1072	7	Alcibiades;Athens;Plato;Philosophy;Logic;Computer_science;Alan_Turing;Doctor_Who
1073	4	Alcibiades;Athens;Greece;Africa;Lake_Victoria
1074	6	Alcohol;Chemistry;Biology;Animal;Magellanic_Penguin;Krill;Antarctic_krill
1075	2	Alcohol;Ethanol;Cancer
1076	3	Alcohol;Ethanol;United_Kingdom;Church_of_England
1077	3	Alcohol;Chemistry;Mathematics;Cryptography
1078	4	Alcohol;Ethanol;Brazil;Asia;Indonesia
1079	6	Alcohol;Ethanol;Brazil;Democracy;Liberal_democracy;Politics;Political_science
1080	2	Alcohol;Europe;Republic_of_Macedonia
1081	0	Alcohol;Chemistry;Biology;Animal;Bird;Wader;Bird;LOOP_DETECTED
1082	0	Alcohol;United_States;WRONG_ANSWER
1083	5	Aleksandr_Pushkin;Russia;United_States;United_States_Constitution;President_of_the_United_States;James_Buchanan
1084	6	Aleksandr_Pushkin;Russia;Christianity;Roman_Catholic_Church;Pope_John_Paul_II;Nobel_Peace_Prize;Mother_Teresa
1085	0	Aleksandr_Pushkin;Russia;Climate;Weather;Climate;LOOP_DETECTED
1086	0	Aleksandr_Vasilevsky;Soviet_Union;Cold_War;Soviet_Union;LOOP_DETECTED
1087	3	Aleksandr_Vasilevsky;Soviet_Union;Europe;Luxembourg
1088	6	Aleksandr_Vasilevsky;Soviet_Union;Europe;Earth;Acid_rain;Sulfuric_acid;Sulfur
1089	0	Alexander_Graham_Bell;Canada;Parliament_of_Canada;Canada;LOOP_DETECTED
1090	0	Alexander_Graham_Bell;Canada;Ottawa;Canada;LOOP_DETECTED
1091	2	Alexander_Graham_Bell;Canada;Canadian_football
1092	3	Alexander_Graham_Bell;Canada;Christianity;Crusades
1093	3	Alexander_Graham_Bell;Scotland;Edinburgh;David_Hume
1094	1	Alexander_Graham_Bell;Dublin
1095	4	Alexander_Graham_Bell;Canada;Second_Boer_War;South_Africa;History_of_South_Africa
1096	0	Alexander_Graham_Bell;Montreal;Canada;Ottawa;Canada;LOOP_DETECTED
1097	3	Alexander_Graham_Bell;Canada;Yugoslavia;Serbia_and_Montenegro
1098	4	Alexander_Graham_Bell;Canada;United_Kingdom;British_monarchy;William_IV_of_the_United_Kingdom
1099	0	Alexander_Hamilton;United_States;United_States_Constitution;United_States_Bill_of_Rights;United_States_Constitution;LOOP_DETECTED
1100	0	Alexander_Hamilton;United_States;Agriculture;Ethanol;Sugarcane;Ethanol;LOOP_DETECTED
1101	0	Alexander_Hamilton;France;French_Revolution;France;LOOP_DETECTED
1102	1	Alexander_Hamilton;France
1103	0	Alexander_Hamilton;Slavery;Atlantic_slave_trade;Slavery;LOOP_DETECTED
1104	3	Alexander_Hamilton;United_States;Currency;List_of_circulating_currencies
1105	0	Alexander_Hamilton;France;French_Revolution;France;LOOP_DETECTED
1106	3	Alexander_Hamilton;United_States;Agriculture;Soil
1107	0	Alexander_Hamilton;France;French_Revolution;France;LOOP_DETECTED
1108	6	Alexander_the_Great;Ancient_Greece;Hellenistic_Greece;History_of_Greece;Australia;New_Zealand;Auckland
1109	2	Alexander_the_Great;Philosophy;Isaac_Newton
1110	4	Alexander_the_Great;Ancient_Greece;Greece;Portugal;Lisbon
1111	8	Alexander_the_Great;Ancient_Greece;Hellenistic_Greece;Indo-Greek_Kingdom;India;Biodiversity;Bird;Falcon;Peregrine_Falcon
1112	3	Alexander_the_Great;Ancient_Greece;Greece;Russia
1113	4	Alexander_the_Great;Mesopotamia;Irrigation;Soil;Soil_salination
1114	3	Alfred_Hitchcock;United_States;Venezuela;Caracas
1115	0	Alfred_Hitchcock;Television;BBC;Television;LOOP_DETECTED
1116	4	Alfred_Hitchcock;England;Europe;Turkey;Istanbul
1117	3	Alfred_Hitchcock;United_States;Ecuador;Quito
1118	0	Alfred_Hitchcock;United_States;Apollo_11;Florida;Cape_Canaveral;John_F._Kennedy;Cape_Canaveral;LOOP_DETECTED
1119	0	Alfred_Hitchcock;England;British_Empire;United_Kingdom;Scotland;Edinburgh;Scotland;LOOP_DETECTED
1120	6	Alfred_Nobel;Nobel_Peace_Prize;United_Nations;Geneva;Switzerland;Russia;Belarus
1121	5	Alfred_Nobel;Nobel_Peace_Prize;United_Nations;Germany;Berlin;Berlin_Wall
1122	0	Alfred_Nobel;Nobel_Peace_Prize;Peace;Sweden;Denmark;Sweden;LOOP_DETECTED
1123	0	Alfred_Nobel;Nobel_Peace_Prize;United_Nations;Education;University;WRONG_ANSWER
1124	0	Alfred_Nobel;Nobel_Peace_Prize;Peace;United_States;Capitalism;Market;Money;Currency;Money;LOOP_DETECTED
1125	5	Alfred_Nobel;Nobel_Peace_Prize;Peace;Mind;Psychology;Sigmund_Freud
1126	4	Alfred_Nobel;Nobel_Peace_Prize;Oslo;Capital;Tokyo
1127	2	Alfred_Nobel;Nobel_Peace_Prize;United_Nations
1128	3	Alfred_the_Great;Old_English_language;English_language;French_language
1129	0	Alfred_the_Great;Wessex;Alfred_the_Great;LOOP_DETECTED
1130	3	Alfred_the_Great;England;United_Kingdom;Monarchy
1131	0	Alfred_the_Great;Middle_Ages;Music;Musical_instrument;Music;LOOP_DETECTED
1132	5	Alfred_the_Great;England;Industrial_Revolution;Technology;Space_exploration;Wernher_von_Braun
1133	2	Alfred_the_Great;England;York
1134	0	Algebra;Mathematics;Algebra;LOOP_DETECTED
1135	0	Algebra;Mathematics;Algebra;LOOP_DETECTED
1136	0	Algebra;Arithmetic;Elementary_arithmetic;Arithmetic;LOOP_DETECTED
1137	0	Algebra;Arithmetic;Mathematics;Algebra;LOOP_DETECTED
1138	0	Algebra;Mathematics;Algebra;LOOP_DETECTED
1139	3	Algebra;Europe;Hungary;Music_of_Hungary
1140	0	Algebra;Elementary_algebra;Algebra;LOOP_DETECTED
1141	0	Algebra;Mathematics;Algebra;LOOP_DETECTED
1142	0	Algebra;Mathematics;Algebra;LOOP_DETECTED
1143	4	Algeria;Education;Economics;Finance;Accountancy
1144	2	Algeria;United_States;American_football
1145	0	Algeria;North_Africa;Algeria;LOOP_DETECTED
1146	0	Algeria;France;Algeria;LOOP_DETECTED
1147	3	Algeria;France;United_Kingdom;Parliament_of_the_United_Kingdom
1148	4	Algeria;North_Africa;Mediterranean_Sea;Ocean;Pelagic_zone
1149	0	Algeria;North_Africa;Africa;Algeria;LOOP_DETECTED
1150	3	Algeria;France;Middle_Ages;Wars_of_the_Roses
1151	0	Algerian_Civil_War;Algeria;Algerian_Civil_War;LOOP_DETECTED
1152	0	Algerian_Civil_War;Algeria;North_Africa;Algeria;LOOP_DETECTED
1153	0	Algerian_Civil_War;Algeria;North_Africa;Algeria;LOOP_DETECTED
1154	6	Algerian_Civil_War;Democracy;Socialism;Communism;Colombia;Peru;Shining_Path
1155	3	Algerian_Civil_War;Algeria;Education;Society
1156	0	Algiers;Algeria;North_Africa;Africa;Algeria;LOOP_DETECTED
1157	5	Algiers;France;Algeria;North_Africa;World_War_II;Battle_of_Stalingrad
1158	3	Algiers;United_Kingdom;Scotland;Edinburgh
1159	2	Algiers;France;English_Channel
1160	0	Algiers;Algeria;North_Africa;Algeria;LOOP_DETECTED
1161	2	Algiers;Byzantine_Empire;Heraclius
1162	0	Algiers;Algeria;North_Africa;Africa;WRONG_ANSWER
1163	2	Algiers;Morocco;Rabat
1164	0	Algiers;Algeria;Algiers;LOOP_DETECTED
1165	3	Algiers;United_Kingdom;Buckingham_Palace;Windsor_Castle
1166	6	Algiers;Algeria;North_Africa;Ancient_Egypt;Ancient_Greece;Athena;Zeus
1167	4	Algol;Star;Chemical_element;Periodic_table;Erbium
1168	0	Algol;Star;Galaxy;Milky_Way;Galaxy;LOOP_DETECTED
1169	0	Algol;Star;Galaxy;Milky_Way;Galaxy;LOOP_DETECTED
1170	0	Algol;Star;WRONG_ANSWER
1171	0	Algol;Star;Galaxy;Milky_Way;Galaxy;LOOP_DETECTED
1172	4	Algol;Star;Chemical_element;Periodic_table;Uranium
1173	2	Algol;Earth;Water
1174	0	Algorithm;Computer_science;Mathematics;Algebra;Arithmetic;Elementary_arithmetic;Algorithm;LOOP_DETECTED
1175	0	Algorithm;Computer_science;Mathematics;Algebra;Arithmetic;Elementary_arithmetic;Arithmetic;LOOP_DETECTED
1176	6	Algorithm;Computer_science;Computer_programming;Programming_language;Computer;Television;Film
1177	3	Algorithm;Evolution;Biology;Life
1178	0	Algorithm;Computer_science;Linguistics;Language;Linguistics;LOOP_DETECTED
1179	0	Algorithm;Computer_science;Mathematics;Algebra;Mathematics;LOOP_DETECTED
1180	0	Algorithm;Computer_science;Mathematics;Algebra;Mathematics;LOOP_DETECTED
1181	4	Alice%27s_Adventures_in_Wonderland;England;United_Kingdom;Germany;Adolf_Hitler
1182	4	Alice%27s_Adventures_in_Wonderland;England;Church_of_England;English_Reformation;Martin_Luther
1183	3	Alice%27s_Adventures_in_Wonderland;England;British_Empire;World_War_II
1184	0	Alice%27s_Adventures_in_Wonderland;United_States;WRONG_ANSWER
1185	0	All_Blacks;New_Zealand;All_Blacks;LOOP_DETECTED
1186	3	All_Blacks;New_Zealand;England;English_Channel
1187	0	All_Blacks;New_Zealand;Abel_Tasman;New_Zealand;LOOP_DETECTED
1188	0	All_Blacks;New_Zealand;All_Blacks;LOOP_DETECTED
1189	4	All_Blacks;New_Zealand;Agriculture;Indonesia;Palm_oil
1190	0	All_Blacks;New_Zealand;Abel_Tasman;New_Zealand;LOOP_DETECTED
1191	0	All_Blacks;New_Zealand;WRONG_ANSWER
1192	5	Allah;Islam;Abbasid;Baghdad;Capital;Abuja
1193	2	Allah;Islam;Alcohol
1194	0	Allah;Islam;Muhammad;Islam;LOOP_DETECTED
1195	0	Allah;Islam;Mathematics;Algebra;Arithmetic;Elementary_arithmetic;Arithmetic;LOOP_DETECTED
1196	0	Allah;Islam;WRONG_ANSWER
1197	5	Allah;Islam;Mathematics;Astronomy;Solar_System;Pluto
1198	4	Allegory_in_the_Middle_Ages;Medieval_literature;Philosophy;Political_philosophy;Anarchism
1199	0	Allegory_in_the_Middle_Ages;Medieval_literature;Philosophy;Plato;Middle_Ages;Renaissance;Science;Atom;Chemical_element;Chemistry;Chemical_element;LOOP_DETECTED
1200	3	Allegory_in_the_Middle_Ages;Medieval_literature;Europe;England
1201	6	Allegory_in_the_Middle_Ages;Medieval_literature;Philosophy;Science;Technology;Radio;Radar
1202	0	Alligator;Reptile;Animal;Chordate;Reptile;LOOP_DETECTED
1203	0	Alligator;Reptile;Chordate;Reptile;LOOP_DETECTED
1204	0	Alligator;Reptile;Chordate;Vertebrate;Chordate;LOOP_DETECTED
1205	10	Alligator;Reptile;Animal;Energy;Chemistry;Carbon;Carbon_dioxide;Photosynthesis;Plant;Biofuel;Ethanol
1206	0	Alligator;Reptile;Animal;Chordate;Reptile;LOOP_DETECTED
1207	0	Alligator;Reptile;Animal;Chordate;Vertebrate;Reptile;LOOP_DETECTED
1208	0	Alligator;Reptile;Chordate;Vertebrate;Reptile;LOOP_DETECTED
1209	0	Alligator;Reptile;Chordate;Reptile;LOOP_DETECTED
1210	2	Alligator;Reptile;Oxygen
1211	0	Alligator;Reptile;Chordate;Vertebrate;Reptile;LOOP_DETECTED
1212	0	Alligator;Reptile;Chordate;Vertebrate;Chordate;LOOP_DETECTED
1213	0	Alliterative_verse;English_language;Language;Linguistics;Language;LOOP_DETECTED
1214	0	Alliterative_verse;English_language;United_Kingdom;England;United_Kingdom;LOOP_DETECTED
1215	3	Alliterative_verse;English_language;United_States;Mississippi_River
1216	0	Alliterative_verse;English_language;United_Kingdom;Scotland;Ben_Nevis;Scotland;LOOP_DETECTED
1217	7	Alliterative_verse;English_language;British_Empire;India;Asia;Iran;Cyrus_the_Great;Persian_Empire
1218	5	Alliterative_verse;English_language;United_Kingdom;Europe;Greece;Santorini
1219	0	Allosaurus;Dinosaur;Animal;Chordate;Animal;LOOP_DETECTED
1220	0	Allosaurus;Dinosaur;Animal;Mammal;Animal;LOOP_DETECTED
1221	5	Allosaurus;Dinosaur;Animal;Plant;Fruit;Bean
1222	5	Allosaurus;Dinosaur;Chemistry;Chemical_element;Periodic_table;Cerium
1223	0	Allosaurus;Dinosaur;Animal;Chordate;Vertebrate;Animal;LOOP_DETECTED
1224	5	Allosaurus;Dinosaur;Cretaceous;Atlantic_Ocean;Tropical_cyclone;Hurricane_Camille
1225	0	Allosaurus;Dinosaur;Animal;Organism;Animal;LOOP_DETECTED
1226	0	Allosaurus;Dinosaur;Animal;Organism;Life;Organism;LOOP_DETECTED
1227	0	Almaty;Kazakhstan;Soviet_Union;Mikhail_Gorbachev;Soviet_Union;LOOP_DETECTED
1228	8	Almaty;Kazakhstan;United_Kingdom;James_Clerk_Maxwell;Michael_Faraday;Chemistry;Atom;Physics;Ernest_Rutherford
1229	2	Almaty;Kazakhstan;People%27s_Republic_of_China
1230	0	Almaty;Kazakhstan;Soviet_Union;Mikhail_Gorbachev;Kazakhstan;LOOP_DETECTED
1231	0	Almond;Plant;Flower;Fruit;Plant;LOOP_DETECTED
1232	2	Almond;California;Arnold_Schwarzenegger
1233	0	Almond;Fruit;Cereal;Wheat;Cereal;LOOP_DETECTED
1234	0	Almond;Plant;Animal;Bird;Bird_migration;Blackbird;Bird;LOOP_DETECTED
1235	4	Almond;Plant;Agriculture;France;French_language
1236	0	Almond;Plant;Agriculture;Fertile_Crescent;Mesopotamia;Iraq;Baghdad;Iraq_War;Human_rights;International_human_rights_instruments;Human_rights;LOOP_DETECTED
1237	1	Almond;Olive_oil
1238	0	Almond;Fruit;Coconut;Arecaceae;Coconut;LOOP_DETECTED
1239	0	Alpaca;Animal;Organism;Animal;LOOP_DETECTED
1240	3	Alpaca;Animal;Insect;Ant
1241	4	Alpaca;South_America;Latin_America;Argentina;Basketball
1242	5	Alpaca;South_America;Latin_America;Mexico;Currency;Coin
1243	0	Alpaca;Animal;Chordate;Vertebrate;Chordate;LOOP_DETECTED
1244	0	Alpaca;Animal;Chordate;Vertebrate;Chordate;LOOP_DETECTED
1245	3	Alpaca;South_America;Atlantic_Ocean;Mediterranean_Sea
1246	3	Alpaca;Animal;Energy;Nuclear_fission
1247	2	Alpaca;England;Old_English_language
1248	0	Alpaca;Animal;Mammal;Animal;LOOP_DETECTED
1249	0	Alpaca;Animal;Chordate;Vertebrate;Chordate;LOOP_DETECTED
1250	0	Alpaca;Animal;Bird;Evolution;Charles_Darwin;Evolution;LOOP_DETECTED
1251	6	Alpaca;Animal;Organism;Biology;Evolution;Computer;Unix
1252	0	Alphabet;Latin_alphabet;Africa;Atlantic_Ocean;Africa;LOOP_DETECTED
1253	5	Alphabet;Latin_alphabet;Roman_Empire;Ottoman_Empire;Islam;Babur
1254	2	Alphabet;Sanskrit;Buddhism
1255	0	Alphabet;Latin_alphabet;Latin;Latin_alphabet;LOOP_DETECTED
1256	5	Alphabet;Latin_alphabet;Latin;United_States;President_of_the_United_States;Franklin_Pierce
1257	4	Alphabet;Latin_alphabet;Roman_Empire;Christianity;Jesus
1258	6	Alphabet;Latin_alphabet;Roman_Empire;Ancient_Rome;War;Napoleon_I_of_France;Napoleonic_Wars
1259	0	Alphabet;Latin_alphabet;Alphabet;LOOP_DETECTED
1260	0	Alphabet;Latin_alphabet;Latin;Latin_alphabet;LOOP_DETECTED
1261	0	Alphabet;Latin_alphabet;Latin;Roman_Empire;Ancient_Rome;Roman_Empire;LOOP_DETECTED
1262	0	Alphabet;Latin_alphabet;Alphabet;LOOP_DETECTED
1263	0	Alternating_current;Electricity;Electric_charge;Electricity;LOOP_DETECTED
1264	0	Alternating_current;Electricity;Alternating_current;LOOP_DETECTED
1265	0	Alternating_current;Electricity;Energy;Electricity;LOOP_DETECTED
1266	0	Alternating_current;Electricity;Alternating_current;LOOP_DETECTED
1267	0	Alternating_current;Electricity;Alternating_current;LOOP_DETECTED
1268	0	Alternating_current;Electricity;Alternating_current;LOOP_DETECTED
1269	5	Alternation_of_generations;Plant;Soil;Chemistry;Chemical_element;Antimony
1270	4	Alternation_of_generations;Plant;Agriculture;Africa;Benin
1271	0	Alternation_of_generations;Plant;Photosynthesis;Carbon_dioxide;Global_warming;Climate_change;Global_warming;LOOP_DETECTED
1272	4	Alternation_of_generations;Plant;Flower;United_Kingdom;Constitutional_monarchy
1273	0	Alternation_of_generations;Plant;Agriculture;Botany;Biology;WRONG_ANSWER
1274	0	Alternation_of_generations;Plant;Agriculture;Fertile_Crescent;Mesopotamia;Baghdad;Iraq;Baghdad;LOOP_DETECTED
1275	4	Alternation_of_generations;Plant;Lung_cancer;Cancer;Hepatocellular_carcinoma
1276	0	Alternation_of_generations;Plant;Flower;Pollinator;Flower;LOOP_DETECTED
1277	6	Alternative_rock;United_States;Apollo_11;Moon;Solar_System;Universe;Big_Bang
1278	0	Alternative_rock;WRONG_ANSWER
1279	0	Alternative_rock;WRONG_ANSWER
1280	2	Alternative_rock;United_States;Maize
1281	3	Alternative_rock;England;19th_century;Michael_Faraday
1282	3	Alternative_rock;United_States;Agriculture;Milk
1283	0	Alternative_rock;WRONG_ANSWER
1284	2	Alternative_rock;United_States;North_America
1285	0	Alternative_rock;WRONG_ANSWER
1286	4	Alternative_rock;United_States;United_States_Congress;President_of_the_United_States;William_McKinley
1287	4	Alternative_rock;United_States;Computer;Microsoft_Windows;Windows_XP
1288	2	Aluminium;Moon;Apollo_8
1289	0	Aluminium;Chemical_element;Chemistry;Chemical_element;LOOP_DETECTED
1290	0	Aluminium;Periodic_table;Aluminium;LOOP_DETECTED
1291	5	Aluminium;Ancient_Greece;Hellenistic_Greece;Alexander_the_Great;India;Hinduism
1292	0	Aluminium;Magnesium;Aluminium;LOOP_DETECTED
1293	0	Aluminium;Chemical_element;Chemistry;Chemical_element;LOOP_DETECTED
1294	0	Aluminium_chloride;Chlorine;Chemical_element;Chemistry;Chemical_element;LOOP_DETECTED
1295	0	Aluminium_chloride;Chlorine;Chemical_element;Chemistry;Matter;Chemistry;LOOP_DETECTED
1296	4	Aluminium_chloride;Chlorine;Chemical_element;Periodic_table;Neptunium
1297	0	Aluminium_chloride;Aluminium;Periodic_table;Biology;Plant;Flower;Plant;LOOP_DETECTED
1298	6	Aluminium_chloride;Chlorine;Periodic_table;Biology;Animal;Bird;Parrot
1299	8	Aluminium_chloride;Chlorine;Chemical_element;Chemistry;Biology;Anatomy;Human;Brain;Stroke
1300	0	Aluminium_chloride;Chlorine;Periodic_table;Chemical_element;Chemistry;Chemical_element;LOOP_DETECTED
1301	0	Alzheimer%27s_disease;Ronald_Reagan;Alzheimer%27s_disease;LOOP_DETECTED
1302	3	Alzheimer%27s_disease;Ronald_Reagan;South_America;Chile
1303	0	Alzheimer%27s_disease;B_vitamins;Folic_acid;Food;Culture;WRONG_ANSWER
1304	7	Alzheimer%27s_disease;B_vitamins;Folic_acid;Food;Fishing;Fish;Aquarium;Goldfish
1305	0	Alzheimer%27s_disease;B_vitamins;Vitamin;B_vitamins;LOOP_DETECTED
1306	2	Alzheimer%27s_disease;Ronald_Reagan;Poland
1307	2	Alzheimer%27s_disease;DNA;Virus
1308	3	Alzheimer%27s_disease;Ronald_Reagan;New_York_City;Wall_Street
1309	6	Amaranth_oil;Fatty_acid;Chemistry;Biology;Animal;Bird;Albatross
1310	0	Amarillo%2C_Texas;Natural_gas;Fossil_fuel;Carbon;Chemical_element;Chemistry;Chemical_element;LOOP_DETECTED
1311	7	Amarillo%2C_Texas;Natural_gas;Fossil_fuel;Carbon;Earth;Plate_tectonics;Continental_crust;Craton
1312	0	Amarillo%2C_Texas;Space_Shuttle_Columbia;International_Space_Station;Space_station;International_Space_Station;LOOP_DETECTED
1313	6	Amarillo%2C_Texas;Cotton;Ecology;Soil;Soil_science;Hydrology;Soil_moisture
1314	2	Amarillo%2C_Texas;United_States;Thailand
1315	3	Amazon_Basin;South_America;Islam;Allah
1316	0	Amazon_Basin;Agriculture;Fruit;Citrus;Fruit;LOOP_DETECTED
1317	0	Amazon_Basin;South_America;Amazon_Basin;LOOP_DETECTED
1318	0	Amazon_Basin;South_America;United_States;American_football;United_States;LOOP_DETECTED
1319	0	Amazon_Basin;Amazon_River;Biodiversity;Biology;Genetics;DNA;Genetics;LOOP_DETECTED
1320	4	Amazon_Basin;Brazil;Latin_America;Roman_Empire;Claudius
1321	4	Amazon_Basin;Brazil;Middle_East;United_Arab_Emirates;Dubai
1322	0	Amazon_Basin;Brazil;Amazon_Basin;LOOP_DETECTED
1323	0	Amazon_Basin;Brazil;South_America;Amazon_Basin;LOOP_DETECTED
1324	3	Amazon_Basin;South_America;Africa;Southern_Africa
1325	0	Amazon_Basin;South_America;Amazon_Basin;LOOP_DETECTED
1326	3	Amazon_Basin;South_America;20th_century;The_Holocaust
1327	0	Amazon_Basin;Brazil;South_America;Amazon_Rainforest;Amazon_Basin;LOOP_DETECTED
1328	5	Amazon_Basin;Brazil;South_America;North_America;Canada;Toronto
1329	2	Amazon_Rainforest;Insect;Ant
1330	0	Amazon_Rainforest;Amazon_Basin;Brazil;Amazon_Basin;LOOP_DETECTED
1331	3	Amazon_Rainforest;Amazon_Basin;City;Civilization
1332	4	Amazon_Rainforest;Amazon_Basin;South_America;France;French_Revolution
1333	3	Amazon_Rainforest;Asia;Buddhism;Gautama_Buddha
1334	0	Amazon_Rainforest;Amazon_Basin;South_America;Amazon_Rainforest;LOOP_DETECTED
1335	2	Amazon_Rainforest;Climate_change;Ice_age
1336	0	Amazon_Rainforest;Amazon_Basin;Brazil;Amazon_Basin;LOOP_DETECTED
1337	6	Amazon_Rainforest;Amazon_Basin;South_America;United_States;United_States_Congress;President_of_the_United_States;Lyndon_B._Johnson
1338	3	Amazon_Rainforest;Asia;India;Mumbai
1339	2	Amazon_Rainforest;Biodiversity;Pollinator
1340	0	Amazon_River;Amazon_Basin;South_America;Amazon_Basin;LOOP_DETECTED
1341	3	Amazon_River;South_America;Oceania;Australia
1342	0	Amazon_River;Amazon_Basin;South_America;Amazon_Basin;LOOP_DETECTED
1343	0	Amazon_River;Amazon_Basin;Amazon_River;LOOP_DETECTED
1344	0	Amazon_River;Amazon_Basin;Brazil;Amazon_Basin;LOOP_DETECTED
1345	2	Amazon_River;Agriculture;Food
1346	4	Amazon_River;Amazon_Basin;Fishing;Shark;Great_white_shark
1347	0	Amazon_River;Amazon_Basin;South_America;Amazon_Basin;LOOP_DETECTED
1348	8	Amazon_River;Amazon_Basin;Brazil;Constitutional_monarchy;Monarchy;England;Henry_I_of_England;Henry_II_of_England;Henry_III_of_England
1349	0	Amazon_River;Amazon_Basin;Agriculture;Food;Supply_and_demand;Economics;Capitalism;Economics;LOOP_DETECTED
1350	0	Amazon_River;Amazon_Basin;Brazil;South_America;Amazon_Basin;LOOP_DETECTED
1351	0	Amazon_River;Amazon_Basin;South_America;Amazon_Basin;LOOP_DETECTED
1352	0	Amazon_River;Amazon_Basin;South_America;Latin_America;South_America;LOOP_DETECTED
1353	1	Amazon_River;Nile
1354	3	Amazon_River;Amazon_Basin;Agriculture;Phosphorus
1355	0	Amazon_parrot;Parrot;Bird;Plant;Herbivore;Plant;LOOP_DETECTED
1356	7	Amazon_parrot;Parrot;Bird;Human;City;Asia;Doha;Dubai
1357	4	Amazon_parrot;Bird;Human;Europe;England
1358	0	Amazon_parrot;Bird;Animal;Bird;LOOP_DETECTED
1359	0	Amazon_parrot;Bird;Animal;Bird;LOOP_DETECTED
1360	0	Amazon_parrot;Bird;Animal;Bird;LOOP_DETECTED
1361	0	Amazon_parrot;Bird;Animal;Organism;Biology;Evolution;Biology;LOOP_DETECTED
1362	0	Amazon_parrot;Bird;Animal;Bird;LOOP_DETECTED
1363	4	Amazon_parrot;Bird;Human;Europe;Germany
1364	0	Amazon_parrot;Bird;Animal;Bird;LOOP_DETECTED
1365	0	Amazon_parrot;Bird;Animal;Bird;LOOP_DETECTED
1366	0	Amazon_parrot;Bird;Parrot;Bird;LOOP_DETECTED
1367	0	Amazon_parrot;Bird;Parrot;Bird;LOOP_DETECTED
1368	0	Amazon_parrot;Parrot;Bird;Animal;Bird;LOOP_DETECTED
1369	0	Amazon_parrot;Bird;Animal;Bird;LOOP_DETECTED
1370	7	Amber;Bronze_Age;Civilization;Middle_Ages;4th_century;5th_century;6th_century;7th_century
1371	3	Amber;Bronze_Age;Civilization;Ancient_Greece
1372	0	Amber;Plato;Philosophy;Animal_rights;Bonobo;Chimpanzee;Bonobo;LOOP_DETECTED
1373	2	Amber;Asia;China
1374	0	Amber;Turkey;Agriculture;Meat;Poultry;Bird;WRONG_ANSWER
1375	2	Amber;Latin;French_language
1376	4	Amber;Carbon;Chemical_element;Periodic_table;Indium
1377	3	Amber;Denmark;Viking;Leif_Ericson
1378	2	Amber;England;London
1379	2	Amber;Mexico;Mestizo
1380	0	Amber;WRONG_ANSWER
1381	2	Amber;Canada;North_America
1382	3	Amber;Carbon;Atom;Nuclear_fission
1383	0	Amber;Electricity;Amber;LOOP_DETECTED
1384	0	American_Civil_War;United_States;Abraham_Lincoln;American_Civil_War;LOOP_DETECTED
1385	3	American_Civil_War;Europe;United_Kingdom;Great_Britain
1386	5	American_Civil_War;Slavery;Agriculture;Vegetable;Plant;Herbivore
1387	1	American_Civil_War;Jesus
1388	3	American_Civil_War;United_States;Middle_East;Kuwait_City
1389	4	American_Civil_War;United_States;United_Kingdom;England;Nottingham
1390	3	American_Civil_War;United_States;Mauritania;Nouakchott
1391	2	American_Civil_War;Europe;Poland
1392	2	American_English;British_English;England
1393	0	American_English;Canada;United_States;WRONG_ANSWER
1394	2	American_English;English_language;The_Gambia
1395	0	American_Revolutionary_War;WRONG_ANSWER
1396	0	American_Revolutionary_War;United_States_Declaration_of_Independence;Thomas_Jefferson;United_States_Declaration_of_Independence;LOOP_DETECTED
1397	0	American_Revolutionary_War;United_States;WRONG_ANSWER
1398	0	American_Revolutionary_War;United_States;California;Redwood_National_and_State_Parks;California;LOOP_DETECTED
1399	0	American_Revolutionary_War;France;French_Revolution;Age_of_Enlightenment;Benjamin_Franklin;Age_of_Enlightenment;LOOP_DETECTED
1400	0	American_Revolutionary_War;France;Middle_Ages;Byzantine_Empire;Middle_Ages;LOOP_DETECTED
1401	1	American_Revolutionary_War;North_America
1402	4	American_Revolutionary_War;Spain;South_America;Ecuador;Quito
1403	0	American_Revolutionary_War;France;French_Revolution;Napoleon_I_of_France;Napoleonic_Wars;France;LOOP_DETECTED
1404	0	American_Samoa
1405	0	American_Samoa;Samoa;American_Samoa;LOOP_DETECTED
1406	0	American_Samoa;Samoa;American_Samoa;LOOP_DETECTED
1407	3	American_Samoa;English_language;Canada;Canadian_English
1408	0	American_Samoa;United_States;American_Samoa;LOOP_DETECTED
1409	2	American_Samoa;United_States;Guam
1410	0	American_Samoa;Samoa;American_Samoa;LOOP_DETECTED
1411	0	American_Samoa;English_language;William_Shakespeare;English_language;LOOP_DETECTED
1412	0	American_Samoa;United_States;American_Samoa;LOOP_DETECTED
1413	0	American_Samoa;Samoa;Rugby_football;Football;FIFA;Football_%28soccer%29;Football;LOOP_DETECTED
1414	1	American_Samoa;United_States
1415	6	American_football;United_States;American_Civil_War;Abraham_Lincoln;Andrew_Johnson;President_of_the_United_States;Andrew_Jackson
1416	3	American_football;Canada;Chinese_language;China
1417	2	American_football;United_Kingdom;Church_of_England
1418	2	American_football;United_States;Florida
1419	0	American_football;Canada;Canadian_football;American_football;LOOP_DETECTED
1420	2	American_football;United_Kingdom;Jane_Austen
1421	2	American_football;Japan;Katana
1422	3	American_football;Mexico;Costa_Rica;Nicaragua
1423	2	American_football;Canada;North_America
1424	0	American_football;Football;American_football;LOOP_DETECTED
1425	2	American_football;United_States;Oregon
1426	3	American_football;Korea;North_Korea;Pyongyang
1427	4	American_football;Football;Ancient_Rome;Christianity;Religion
1428	3	American_popular_music;United_States;Thailand;Bangkok
1429	0	American_popular_music;Music_of_the_United_States;Music_of_Hawaii;Music_of_the_United_States;LOOP_DETECTED
1430	0	American_popular_music;Cuba;Caribbean_Sea;Cuba;LOOP_DETECTED
1431	0	American_popular_music;United_States;Italy;Roman_Empire;Italy;LOOP_DETECTED
1432	0	American_popular_music;Music_of_the_United_States;Jazz;Music;Sound;Music;LOOP_DETECTED
1433	0	American_popular_music;Music_of_the_United_States;California;Pacific_Ocean;Water;Ocean;Sea;Ocean;LOOP_DETECTED
1434	3	American_popular_music;Music_of_the_United_States;Cinema_of_the_United_States;Video
1435	0	Americium;Curium;Americium;LOOP_DETECTED
1436	0	Americium;Curium;Americium;LOOP_DETECTED
1437	0	Americium;Curium;Americium;LOOP_DETECTED
1438	0	Americium;Curium;Americium;LOOP_DETECTED
1439	4	Amish;Germany;Nazism;Nazi_Germany;Adolf_Hitler
1440	3	Amish;United_States;California;Bay_Area_Rapid_Transit
1441	2	Amish;Electricity;Electric_field
1442	3	Amish;United_States;Mexico;Mexico_City
1443	3	Amish;United_States;Florida;Miami%2C_Florida
1444	0	Amish;United_States;United_Kingdom;Parliament_of_the_United_Kingdom;WRONG_ANSWER
1445	0	Amish;United_States;United_States_Constitution;WRONG_ANSWER
1446	5	Amish;United_States;Medicine;Health;Nutrition;Vitamin
1447	0	Ammolite;Ammonite;Ammolite;LOOP_DETECTED
1448	0	Ammolite;Canada;Montreal;Canada;LOOP_DETECTED
1449	0	Ammolite;Canada;Parliament_of_Canada;Canada;LOOP_DETECTED
1450	0	Ammolite;Ammonite;Ammolite;LOOP_DETECTED
1451	0	Ammolite;Canada;Parliament_of_Canada;Canada;LOOP_DETECTED
1452	0	Ammolite;Ammonite;Ammolite;LOOP_DETECTED
1453	0	Ammolite;Ammonite;Ammolite;LOOP_DETECTED
1454	3	Ammolite;Canada;Ice_hockey;Sport
1455	0	Ammolite;Canada;Toronto;Canada;LOOP_DETECTED
1456	4	Ammolite;Canada;Canadian_Pacific_Railway;Rail_transport;Train
1457	0	Ammolite;Canada;Ottawa;Canada;LOOP_DETECTED
1458	0	Ammolite;Ammonite;Ammolite;LOOP_DETECTED
1459	2	Ammonia;Middle_Ages;Holy_Roman_Empire
1460	0	Ammonia;Fertilizer;Nitrogen;Nitrogen_cycle;Nitrogen_fixation;Nitrogen;LOOP_DETECTED
1461	0	Ammonia;Nitrogen;Fertilizer;Plant;Flower;Pollinator;Flower;LOOP_DETECTED
1462	0	Ammonia;WRONG_ANSWER
1463	0	Ammonia;Nitrogen;Ammonia;LOOP_DETECTED
1464	0	Ammonite;Fossil;Paleontology;Fossil;LOOP_DETECTED
1465	5	Ammonite;Fossil;Mineral;Chemical_element;Periodic_table;Copper
1466	7	Ammonite;Fossil;Paleontology;Biology;Plant;Fruit;Apple;Johnny_Appleseed
1467	0	Ammonite;Cretaceous;Dinosaur;Ammonite;LOOP_DETECTED
1468	0	Ammosaurus;Dinosaur;Ammosaurus;LOOP_DETECTED
1469	4	Ammosaurus;Dinosaur;Animal;Insect;Bedbug
1470	0	Ammosaurus;Dinosaur;Ammosaurus;LOOP_DETECTED
1471	0	Ammosaurus;Dinosaur;Ammosaurus;LOOP_DETECTED
1472	0	Ammosaurus;Dinosaur;Ammosaurus;LOOP_DETECTED
1473	0	Ammosaurus;Dinosaur;Animal;Organism;Animal;LOOP_DETECTED
1474	3	Amsterdam;Train;Rail_transport;Amtrak
1475	3	Amsterdam;Netherlands;Agriculture;Cotton
1476	2	Amsterdam;Europe;Croatia
1477	4	Amsterdam;Canal;Panama_Canal;Colombia;Panama
1478	3	Amsterdam;North_Sea;Baltic_Sea;Sea
1479	3	Amsterdam;North_America;Canada;Toronto
1480	2	Amsterdam;Europe;Turkey
1481	2	Amtrak;United_States;Attack_on_Pearl_Harbor
1482	3	Amtrak;United_States;Cold_War;Berlin_Wall
1483	0	Amtrak;United_States;California;United_States;LOOP_DETECTED
1484	0	Amtrak;Train;Rail_transport;Amtrak;LOOP_DETECTED
1485	4	Amtrak;United_States;American_Revolutionary_War;France;Napoleonic_Wars
1486	0	Amtrak;United_States;Amtrak;LOOP_DETECTED
1487	4	Amtrak;United_States;Mining;Mineral;Vanadium
1488	2	Amtrak;United_States;World_Health_Organization
1489	4	Amur;Asia;Greece;Ancient_Greece;Battle_of_Marathon
1490	4	Amur;Pacific_Ocean;United_States;Attack_on_Pearl_Harbor;Battle_of_Midway
1491	0	Amur;Asia;Economy_of_Africa;Agriculture;Cereal;Nutrition;Food;Cereal;LOOP_DETECTED
1492	0	Amur;Russia;Amur;LOOP_DETECTED
1493	0	Amur;Russia;Amur;LOOP_DETECTED
1494	0	Anaconda;South_America;Anaconda;LOOP_DETECTED
1495	4	Anaconda;Reptile;Dinosaur;Theropoda;Allosaurus
1496	6	Anaconda;South_America;Latin_America;Civilization;Technology;Computer;Computer_and_video_games
1497	2	Anaconda;Argentina;Japan
1498	0	Anaconda;South_America;Anaconda;LOOP_DETECTED
1499	0	Anaconda;South_America;Anaconda;LOOP_DETECTED
1500	6	Anaconda;South_America;Amazon_Rainforest;Amazon_Basin;Agriculture;Nitrogen;Nitrification
1501	5	Anaconda;South_America;Amazon_Rainforest;Amazon_Basin;Agriculture;Nutrition
1502	2	Anaconda;Bird;Passenger_Pigeon
1503	3	Anaconda;South_America;Africa;Sudan
1504	0	Anaconda;South_America;Anaconda;LOOP_DETECTED
1505	3	Analytical_Marxism;Logic;Mathematics;Algebra
1506	0	Analytical_Marxism;Marxism;Capitalism;Economics;Capitalism;LOOP_DETECTED
1507	0	Analytical_Marxism;Marxism;Analytical_Marxism;LOOP_DETECTED
1508	4	Analytical_Marxism;Marxism;Socialism;Communism;Human
1509	0	Analytical_Marxism;Marxism;Analytical_Marxism;LOOP_DETECTED
1510	3	Analytical_Marxism;Marxism;Russia;National_Anthem_of_Russia
1511	0	Analytical_Marxism;Marxism;Analytical_Marxism;LOOP_DETECTED
1512	3	Anarchism;Political_philosophy;Earth;Antarctica
1513	0	Anarchism;Capitalism;Market;Capitalism;LOOP_DETECTED
1514	4	Anarchism;Political_philosophy;Philosophy;Mathematics;Applied_mathematics
1515	2	Anarchism;Agriculture;Biodiesel
1516	2	Anarchism;Agriculture;Cereal
1517	7	Anarchism;Politics;Society;Culture;Art;Fine_art;Sculpture;Jewellery
1518	4	Anarchism;Political_philosophy;Philosophy;Astronomy;Jupiter
1519	2	Anarchism;Germany;Ludwig_van_Beethoven
1520	0	Anarchism;Political_philosophy;Philosophy;Political_philosophy;LOOP_DETECTED
1521	4	Anarcho-capitalism;Capitalism;Christianity;Pope;Apostolic_Succession
1522	3	Anarcho-capitalism;Capitalism;Democracy;Citizenship
1523	0	Anarcho-capitalism;Capitalism;Anarchism;Political_philosophy;Anarchism;LOOP_DETECTED
1524	3	Anarcho-capitalism;Capitalism;Economics;Health
1525	0	Anarcho-capitalism;Capitalism;Economics;Capitalism;LOOP_DETECTED
1526	0	Anarcho-capitalism;Capitalism;Economics;Capitalism;LOOP_DETECTED
1527	0	Anarcho-capitalism;Capitalism;Political_economy;Economics;Capitalism;LOOP_DETECTED
1528	0	Anarcho-capitalism;Capitalism;Adam_Smith;Capitalism;LOOP_DETECTED
1529	0	Anatomy;Biology;Anatomy;LOOP_DETECTED
1530	0	Anatomy;Biology;Anatomy;LOOP_DETECTED
1531	4	Anatomy;Biology;Animal;Bird;Arctic_Tern
1532	3	Anatomy;Biology;Human;Communication
1533	3	Anatomy;Biology;Botany;Cotton
1534	5	Anatomy;Biology;Carbon;Chemical_element;Periodic_table;Fluorine
1535	4	Anatomy;Human;Politics;United_States;George_W._Bush
1536	5	Anatomy;Human;Poetry;English_language;Ireland;Irish_poetry
1537	0	Anatomy;Biology;Anatomy;LOOP_DETECTED
1538	3	Anatomy;Biology;Earth;Ocean
1539	5	Anatomy;Biology;Anthropology;Folklore;Christianity;Religion
1540	0	Anatomy;Biology;WRONG_ANSWER
1541	2	Anatomy;Science;Thomas_Samuel_Kuhn
1542	3	Ancient_Egypt;Africa;Asia;Afghanistan
1543	4	Ancient_Egypt;Egypt;Middle_East;World_War_II;Attack_on_Pearl_Harbor
1544	1	Ancient_Egypt;Civilization
1545	0	Ancient_Egypt;Egypt;WRONG_ANSWER
1546	0	Ancient_Egypt;Africa;Egypt;Africa;LOOP_DETECTED
1547	4	Ancient_Egypt;Africa;United_Kingdom;England;Leicester
1548	0	Ancient_Egypt;Egypt;Ancient_Egypt;LOOP_DETECTED
1549	0	Ancient_Egypt;Agriculture;WRONG_ANSWER
1550	2	Ancient_Egypt;Egyptian_pyramids;Pyramid
1551	3	Ancient_Egypt;Africa;Reggae;Reggaeton
1552	0	Ancient_Egypt;Africa;Ethiopia;East_Africa;Africa;LOOP_DETECTED
1553	0	Ancient_Egypt;Egypt;United_Kingdom;British_House_of_Commons;WRONG_ANSWER
1554	3	Ancient_Egypt;Africa;Asia;Taipei
1555	0	Ancient_Egypt;Agriculture;Soil;Agriculture;LOOP_DETECTED
1556	0	Ancient_Egypt;Egypt;Ancient_Egypt;LOOP_DETECTED
1557	0	Ancient_Greece;History_of_Greece;Ancient_Greece;LOOP_DETECTED
1558	0	Ancient_Greece;Alexander_the_Great;Persian_Empire;Alexander_the_Great;LOOP_DETECTED
1559	3	Ancient_Greece;Aristotle;Philosophy;Albert_Einstein
1560	0	Ancient_Greece;Greece;Ancient_Greece;LOOP_DETECTED
1561	3	Ancient_Greece;Music;Musical_instrument;Flute
1562	0	Ancient_Greece;Hellenistic_Greece;Alexander_the_Great;Macedon;Alexander_the_Great;LOOP_DETECTED
1563	2	Ancient_Greece;Ancient_Rome;Mediterranean_Sea
1564	3	Ancient_Rome;Byzantine_Empire;Africa;Accra
1565	0	Ancient_Rome;Ancient_Greece;Ancient_Rome;LOOP_DETECTED
1566	3	Ancient_Rome;Italy;Spain;Madrid
1567	2	Ancient_Rome;20th_century;Nazism
1568	3	Ancient_Rome;Agriculture;Soil;Soil_structure
1569	5	Ancient_history;Roman_Empire;Ancient_Rome;20th_century;World_War_II;Adolf_Hitler
1570	2	Ancient_history;North_America;Barbados
1571	6	Ancient_history;Roman_Empire;Middle_Ages;Dark_Ages;20th_century;World_War_II;Battle_of_the_Bulge
1572	3	Ancient_history;Architecture;Frank_Lloyd_Wright;Chicago
1573	0	Ancient_history;Ancient_Rome;Roman_Empire;Rome;Roman_Empire;LOOP_DETECTED
1574	1	Ancient_history;Philosophy
1575	2	Ancient_history;United_States;President_of_the_United_States
1576	2	Ancient_history;North_America;Puerto_Rico
1577	0	Andes;South_America;Andes;LOOP_DETECTED
1578	2	Andes;Roman_Empire;Claudius
1579	0	Andes;Colombia;Andes;LOOP_DETECTED
1580	0	Andes;South_America;Andes;LOOP_DETECTED
1581	0	Andes;Ecuador;Andes;LOOP_DETECTED
1582	0	Andorra;Food;Cereal;Barley;Beer;Barley;LOOP_DETECTED
1583	4	Andorra;Europe;Earth;Comet;Comet_Shoemaker-Levy_9
1584	0	Andorra;Italy;Italian_Renaissance;Italy;LOOP_DETECTED
1585	2	Andorra;Europe;Romania
1586	0	Andr%C3%A9s_Nocioni;Argentina;WRONG_ANSWER
1587	2	Andr%C3%A9s_Nocioni;Argentina;Cyprus
1588	4	Andrew_Carnegie;Scotland;Edinburgh;David_Hume;Adam_Smith
1589	0	Andrew_Carnegie;Scotland;Music;Musical_instrument;Music;LOOP_DETECTED
1590	0	Andrew_Carnegie;Scotland;Aberdeen;Scotland;LOOP_DETECTED
1591	3	Andrew_Carnegie;Scotland;British_Empire;Ethiopia
1592	0	Andrew_Carnegie;Steel;United_States;Finance;Corporate_finance;Finance;LOOP_DETECTED
1593	2	Andrew_Carnegie;Scotland;Italy
1594	5	Andrew_Dickson_White;Cornell_University;United_States;Grand_Canyon;Colorado_River;Lake_Powell
1595	0	Andrew_Dickson_White;Cornell_University;United_Kingdom;Scotland;Scottish_Highlands;Scotland;LOOP_DETECTED
1596	2	Andrew_Dickson_White;Germany;Nazism
1597	3	Andrew_Dickson_White;Science;History_of_science;Ptolemy
1598	4	Andrew_Dickson_White;Cornell_University;Art;Fine_art;Visual_arts
1599	4	Andrew_Jackson;Great_Britain;United_Kingdom;English_language;British_English
1600	2	Andrew_Jackson;President_of_the_United_States;William_Henry_Harrison
1601	3	Andrew_Johnson;Great_Britain;Ireland;Church_of_Ireland
1602	0	Andrew_Johnson;President_of_the_United_States;United_States;American_Civil_War;United_States;LOOP_DETECTED
1603	0	Andrew_Johnson;WRONG_ANSWER
1604	0	Andrew_Johnson;President_of_the_United_States;United_States;American_Civil_War;Slavery;Atlantic_slave_trade;African_slave_trade;Atlantic_slave_trade;LOOP_DETECTED
1605	3	Andrew_Robinson;United_States;Canada;Canadian_Pacific_Railway
1606	3	Andrew_Robinson;United_States;Atlantic_Ocean;Mediterranean_Sea
1607	3	Andrew_Robinson;United_States;Nuclear_power;Nuclear_fission
1608	0	Andrew_Robinson;Fyodor_Dostoevsky;Crime_and_Punishment;Fyodor_Dostoevsky;LOOP_DETECTED
1609	0	Andrew_Robinson;Fyodor_Dostoevsky;Crime_and_Punishment;Fyodor_Dostoevsky;LOOP_DETECTED
1610	3	Andriyivskyy_Descent;Ukraine;List_of_countries_by_system_of_government;Constitutional_monarchy
1611	0	Andriyivskyy_Descent;Ukraine;Kiev;Ukraine;LOOP_DETECTED
1612	4	Andriyivskyy_Descent;Ukraine;Climate;Weather;Winter
1613	6	Andromeda_Galaxy;Galaxy;Biology;Animal;Bird;Parrot;Amazon_parrot
1614	0	Andromeda_Galaxy;Galaxy;Milky_Way;Andromeda_Galaxy;LOOP_DETECTED
1615	0	Andromeda_Galaxy;Galaxy;Universe;Galaxy;LOOP_DETECTED
1616	0	Andromeda_Galaxy;Galaxy;Andromeda_Galaxy;LOOP_DETECTED
1617	0	Andromeda_Galaxy;Galaxy;Milky_Way;Andromeda_Galaxy;LOOP_DETECTED
1618	0	Andromeda_Galaxy;Galaxy;Milky_Way;Andromeda_Galaxy;LOOP_DETECTED
1619	3	Andromeda_Galaxy;Hubble_Space_Telescope;International_Space_Station;Space_Shuttle_Endeavour
1620	0	Andromeda_Galaxy;Galaxy;Biology;WRONG_ANSWER
1621	3	Andy_Warhol;Mass_media;Propaganda;Adolf_Hitler
1622	0	Andy_Warhol;Mass_media;Art;Abstract_art;Art;LOOP_DETECTED
1623	2	Andy_Warhol;United_States;Canada
1624	5	Andy_Warhol;Mass_media;Music;Culture;Art;Dance
1625	2	Andy_Warhol;Mass_media;Internet
1626	4	Andy_Warhol;The_Rolling_Stones;The_Beatles;Nirvana_%28band%29;Kurt_Cobain
1627	5	Andy_Warhol;New_York_City;United_States;Argentina;Bolivia;La_Paz
1628	3	Andy_Warhol;Mass_media;Culture;Language
1629	3	Andy_Warhol;New_York_City;United_States;Philippines
1630	4	Anemia;Iron;Delhi;India;Asia
1631	4	Anemia;Iron;Carbon;Coal;Carboniferous
1632	9	Anemia;Iron;Steel;Metal;Chemistry;Physics;Engineering;Technology;Space_exploration;European_Space_Agency
1633	0	Anemia;Iron;Metal;Chemical_element;Chemistry;Biology;Genetics;DNA;Genetics;LOOP_DETECTED
1634	0	Anemia;Iron;Metal;Chemistry;Atom;Chemical_element;Chemistry;LOOP_DETECTED
1635	4	Anemia;Folic_acid;Cereal;Nutrition;Vitamin_D
1636	3	Angel_shark;Fish;Fishing;Beer
1637	4	Angel_shark;Fish;Fishing;Japan;Japanese_yen
1638	0	Angel_shark;Fish;Chordate;Vertebrate;Fish;LOOP_DETECTED
1639	0	Angel_shark;Fish;Chordate;Mammal;Animal;Organism;Animal;LOOP_DETECTED
1640	4	Angel_shark;Fish;Organism;Plant;Seed
1641	0	Angel_shark;Fish;Chordate;Vertebrate;Fish;LOOP_DETECTED
1642	4	Angel_shark;Fish;Organism;Bacteria;Tuberculosis
1643	0	Angelica;Plant;Agriculture;Fertile_Crescent;Mesopotamia;History;Human;Economics;Capitalism;Economics;LOOP_DETECTED
1644	6	Angelica;Plant;Agriculture;Fertile_Crescent;Mesopotamia;Europe;Estonia
1645	0	Angelica;Plant;Agriculture;WRONG_ANSWER
1646	0	Angelica;Plant;Flower;Pollinator;Bee;Honey_bee;Bee;LOOP_DETECTED
1647	0	Angelica;Plant;Flower;Plant;LOOP_DETECTED
1648	5	Angelica;Plant;Agriculture;South_America;Chile;Santiago%2C_Chile
1649	0	Angkor;Cambodia;Vietnam;Cambodia;LOOP_DETECTED
1650	0	Angkor;Cambodia;Angkor;LOOP_DETECTED
1651	0	Angkor;Cambodia;Angkor;LOOP_DETECTED
1652	0	Angkor;Cambodia;Angkor_Wat;Cambodia;LOOP_DETECTED
1653	0	Angkor;Cambodia;Angkor;LOOP_DETECTED
1654	0	Angkor;Cambodia;Angkor_Wat;Cambodia;LOOP_DETECTED
1655	0	Angkor;19th_century;20th_century;19th_century;LOOP_DETECTED
1656	3	Angkor;Cambodia;Vietnam;South_China_Sea
1657	5	Angkor;Cambodia;United_States;United_States_Constitution;President_of_the_United_States;William_Henry_Harrison
1658	0	Angkor_Wat;Angkor;Cambodia;Angkor_Wat;LOOP_DETECTED
1659	0	Angkor_Wat;France;Paris;France;LOOP_DETECTED
1660	0	Angkor_Wat;Cambodia;Angkor_Wat;LOOP_DETECTED
1661	0	Angkor_Wat;Cambodia;Angkor_Wat;LOOP_DETECTED
1662	0	Angkor_Wat;Angkor;Cambodia;Angkor_Wat;LOOP_DETECTED
1663	2	Angkor_Wat;Architecture;Sculpture
1664	0	Angkor_Wat;Cambodia;Angkor_Wat;LOOP_DETECTED
1665	0	Anglican_Church_of_Australia;Australia;United_Kingdom;Capitalism;Adam_Smith;Economics;Political_economy;Economics;LOOP_DETECTED
1666	5	Anglican_Church_of_Australia;Australia;Biodiversity;Life;Plant;Flower
1667	3	Anglican_Church_of_Australia;Australia;France;French_Revolution
1668	0	Anglican_Church_of_Australia;Australia;Anglican_Communion;Christianity;Anglicanism;Christianity;LOOP_DETECTED
1669	4	Anglican_Church_of_Australia;Anglican_Communion;Christianity;Roman_Empire;Romulus_Augustus
1670	0	Anglican_Church_of_Australia;Australia;English_language;Language;Linguistics;Language;LOOP_DETECTED
1671	0	Anglican_Communion;Anglicanism;Christianity;Anglican_Communion;LOOP_DETECTED
1672	0	Anglican_Communion;Christianity;Anglican_Communion;LOOP_DETECTED
1673	0	Anglican_Communion;Christianity;Anglicanism;Christianity;LOOP_DETECTED
1674	0	Anglican_Communion;Christianity;Anglicanism;Christianity;LOOP_DETECTED
1675	0	Anglicanism;Christianity;Anglicanism;LOOP_DETECTED
1676	0	Anglicanism;Christianity;Anglicanism;LOOP_DETECTED
1677	0	Anglicanism;Church_of_England;Anglicanism;LOOP_DETECTED
1678	0	Anglicanism;Christianity;Anglicanism;LOOP_DETECTED
1679	0	Anglicanism;Christianity;Anglicanism;LOOP_DETECTED
1680	0	Anglicanism;Christianity;Anglicanism;LOOP_DETECTED
1681	3	Anglicanism;United_States;United_States_Congress;Woodrow_Wilson
1682	0	Anglicanism;Christianity;Anglicanism;LOOP_DETECTED
1683	5	Anglo-Saxon_literature;History_of_Anglo-Saxon_England;England;North_Sea;Atlantic_Ocean;Arctic_Ocean
1684	0	Anglo-Saxon_literature;Literature;Book;Literature;LOOP_DETECTED
1685	0	Anglo-Saxon_literature;Literature;Book;Literature;LOOP_DETECTED
1686	3	Anglo-Saxon_literature;Old_English_language;English_language;German_language
1687	0	Anglo-Saxon_literature;Literature;Book;Literature;LOOP_DETECTED
1688	4	Anglo-Saxon_literature;History_of_Anglo-Saxon_England;England;British_Empire;World_War_I
1689	0	Angola;Portugal;Angola;LOOP_DETECTED
1690	4	Angola;Portugal;Europe;United_Kingdom;England
1691	5	Angola;Bantu;Africa;Anthropology;Evolution;Natural_selection
1692	0	Angola;Africa;Agriculture;Vegetable;Agriculture;LOOP_DETECTED
1693	4	Angola;Portugal;Christian_monasticism;Christianity;Pope
1694	0	Angola;Portugal;Angola;LOOP_DETECTED
1695	0	Anguilla;England;History_of_Anglo-Saxon_England;WRONG_ANSWER
1696	0	Anguilla;United_Kingdom;Cricket;England;Cricket;LOOP_DETECTED
1697	0	Anguilla;United_Kingdom;British_Empire;British_East_India_Company;India;Biodiversity;Biology;WRONG_ANSWER
1698	3	Anguilla;United_Kingdom;Gravitation;Black_hole
1699	4	Anguilla;United_Kingdom;United_States_dollar;United_States;Education_in_the_United_States
1700	0	Anguilla;United_Kingdom;British_Empire;United_Kingdom;LOOP_DETECTED
1701	5	Anguilla;United_Kingdom;British_Empire;Tea;Japan;Wasabi
1702	0	Animal;Chordate;Vertebrate;Chordate;LOOP_DETECTED
1703	0	Animal;Chordate;Vertebrate;Chordate;LOOP_DETECTED
1704	0	Animal;Mammal;Chordate;Mammal;LOOP_DETECTED
1705	3	Animal;Human;Christianity;Eastern_Orthodox_Church
1706	0	Animal;Chordate;Vertebrate;Chordate;LOOP_DETECTED
1707	0	Animal;Organism;Life;Organism;LOOP_DETECTED
1708	0	Animal;Bird;Wader;Bird;LOOP_DETECTED
1709	0	Animal;Chordate;Vertebrate;Chordate;LOOP_DETECTED
1710	0	Animal_law;Animal_rights;Animal_law;LOOP_DETECTED
1711	0	Animal_law;Animal_rights;Animal_law;LOOP_DETECTED
1712	2	Animal_law;Animal_rights;Brazil
1713	7	Animal_law;Animal_rights;Bonobo;Chimpanzee;Animal;Human;Agriculture;Coffee
1714	0	Animal_law;Animal_rights;Animal_law;LOOP_DETECTED
1715	0	Animal_law;Animal_rights;Animal_law;LOOP_DETECTED
1716	0	Animal_law;Animal_rights;Animal_law;LOOP_DETECTED
1717	0	Animal_law;Animal_rights;Animal_law;LOOP_DETECTED
1718	0	Animal_law;Animal_rights;Animal_law;LOOP_DETECTED
1719	0	Animal_law;Animal_rights;Animal_law;LOOP_DETECTED
1720	2	Animal_rights;Brazil;Amazon_River
1721	5	Animal_rights;Aristotle;Philosophy;Plato;19th_century;Dmitri_Mendeleev
1722	6	Animal_rights;Bonobo;Chimpanzee;Biology;Carbon;Chemical_element;Sulfur
1723	4	Animation;Motion_%28physics%29;Physics;18th_century;Adam_Smith
1724	5	Animation;Motion_%28physics%29;Physics;Chemistry;Salt;Edible_salt
1725	6	Animation;The_Lion_King;Lion;Animal;Bird;Owl;Eurasian_Eagle_Owl
1726	4	Animation;Motion_%28physics%29;Physics;Computer;Integrated_circuit
1727	3	Animation;The_Lion_King;Africa;Somalia
1728	0	Animation;The_Lion_King;William_Shakespeare;Poetry;William_Shakespeare;LOOP_DETECTED
1729	3	Animation;The_Lion_King;United_States;Wall_Street
1730	5	Animation;Motion_%28physics%29;Isaac_Newton;Charles_II_of_England;Glorious_Revolution;William_III_of_England
1731	5	Animation;The_Lion_King;Wildebeest;Animal;Mammal;Zebra
1732	6	Ankylosaurus;Dinosaur;Animal;Organism;Food;Cereal;Bread
1733	0	Ankylosaurus;Dinosaur;Animal;Organism;Animal;LOOP_DETECTED
1734	0	Ankylosaurus;Dinosaur;Animal;Chordate;Vertebrate;Animal;LOOP_DETECTED
1735	3	Ann_Arbor%2C_Michigan;Asia;Africa;Indian_Ocean
1736	4	Ann_Arbor%2C_Michigan;Dakar;Portugal;Africa;Porto-Novo
1737	0	Anna_Karenina;Europe;18th_century;WRONG_ANSWER
1738	3	Anna_Karenina;Russia;Asia;Baghdad
1739	3	Anna_Karenina;Russia;North_America;Honduras
1740	0	Anna_Karenina;Leo_Tolstoy;Anna_Karenina;LOOP_DETECTED
1741	1	Anna_Karenina;Moscow
1742	2	Anna_Karenina;Germany;Munich
1743	3	Anna_Karenina;Russia;Europe;Portugal
1744	3	Anna_Karenina;Russia;Asia;Sri_Lanka
1745	0	Anna_Karenina;Leo_Tolstoy;Anna_Karenina;LOOP_DETECTED
1746	1	Anne_Frank;Adolf_Hitler
1747	0	Anne_Frank;Netherlands;Amsterdam;Netherlands;LOOP_DETECTED
1748	2	Anne_Frank;Dutch_language;English_language
1749	0	Anne_Frank;Judaism;Greece;Ancient_Greece;Greek_War_of_Independence;Greece;LOOP_DETECTED
1750	3	Anne_Frank;Netherlands;Republic_of_Ireland;Ireland
1751	4	Anne_Frank;Netherlands;Suriname;South_America;Latin_America
1752	0	Anne_Frank;Amsterdam;Netherlands;Amsterdam;LOOP_DETECTED
1753	0	Anne_Frank;Netherlands;Amsterdam;Anne_Frank;LOOP_DETECTED
1754	0	Anne_Frank;Netherlands;Amsterdam;Netherlands;LOOP_DETECTED
1755	0	Anne_of_Great_Britain;Acts_of_Union_1707;Scotland;Acts_of_Union_1707;LOOP_DETECTED
1756	4	Anne_of_Great_Britain;Acts_of_Union_1707;Scotland;Commonwealth_Games;Netball
1757	0	Anno_Domini;Roman_Empire;Ancient_Rome;Roman_Empire;LOOP_DETECTED
1758	0	Anno_Domini;Roman_Empire;Ancient_Rome;Roman_Empire;LOOP_DETECTED
1759	0	Anno_Domini;Roman_Empire;Ancient_Rome;Roman_Empire;LOOP_DETECTED
1760	0	Anno_Domini;England;WRONG_ANSWER
1761	0	Anschluss;Austria;Vienna;Austria;LOOP_DETECTED
1762	0	Anschluss;Austria;Europe;WRONG_ANSWER
1763	2	Anschluss;Germany;Max_Planck
1764	0	Anschluss;Germany;Austria;Vienna;Austria;LOOP_DETECTED
1765	0	Anschluss;Austria;Anschluss;LOOP_DETECTED
1766	0	Anschluss;Austria;Vienna;Austria;LOOP_DETECTED
1767	0	Anschluss;Austria;Vienna;Austria;LOOP_DETECTED
1768	0	Ant;Insect;Arthropod;Insect;LOOP_DETECTED
1769	0	Ant;Insect;Arthropod;Insect;LOOP_DETECTED
1770	0	Ant;Insect;Ant;LOOP_DETECTED
1771	0	Ant;Animal;Insect;Arthropod;Insect;LOOP_DETECTED
1772	0	Ant;Insect;Animal;Insect;LOOP_DETECTED
1773	0	Ant;Insect;Arthropod;Insect;LOOP_DETECTED
1774	0	Ant;Insect;Ant;LOOP_DETECTED
1775	3	Ant;Animal;Bird;Penguin
1776	0	Ant;Insect;Ant;LOOP_DETECTED
1777	0	Antananarivo;Madagascar;Antananarivo;LOOP_DETECTED
1778	0	Antananarivo;Madagascar;Burkina_Faso;WRONG_ANSWER
1779	6	Antananarivo;Capital;Government;Corporation;Cooperative;Business;Money
1780	3	Antananarivo;France;Germany;Munich
1781	4	Antarctic_Treaty_System;Germany;Nazism;Nazi_Germany;Adolf_Hitler
1782	4	Antarctic_Treaty_System;United_Nations;Africa;Chad;Lake_Chad
1783	3	Antarctic_Treaty_System;United_States;California;San_Jose%2C_California
1784	0	Antarctic_Treaty_System;Earth;Antarctica;Antarctic_Treaty_System;LOOP_DETECTED
1785	0	Antarctic_krill;Antarctica;Antarctic_Treaty_System;United_Nations;United_States;American_popular_music;The_Beatles;Popular_culture;Television;Broadcasting;Mass_media;Television;LOOP_DETECTED
1786	0	Antarctic_krill;Ocean;Krill;Antarctic_krill;LOOP_DETECTED
1787	0	Antarctic_krill;Crustacean;Krill;Antarctic_krill;LOOP_DETECTED
1788	3	Antarctic_krill;Animal;Bird;Falcon
1789	3	Antarctic_krill;Antarctica;Africa;Ghana
1790	0	Antarctic_krill;Crustacean;Animal;Chordate;Vertebrate;Chordate;LOOP_DETECTED
1791	0	Antarctic_krill;Animal;Bird;Albatross;Bird;LOOP_DETECTED
1792	0	Antarctic_krill;Antarctica;Antarctic_Treaty_System;United_Kingdom;Wales;Snowdonia;Wales;LOOP_DETECTED
1793	3	Antarctic_krill;Ocean;Plant;Nitrogen_fixation
1794	0	Antarctic_krill;Animal;Chordate;Vertebrate;Chordate;LOOP_DETECTED
1795	0	Antarctica;Africa;Camel;Mammal;Animal;Mammal;LOOP_DETECTED
1796	0	Antarctica;Argentina;Brazil;South_America;Antarctica;LOOP_DETECTED
1797	3	Antarctica;Argentina;Christianity;Jesus
1798	2	Antarctica;Coal;Jurassic
1799	3	Antarctica;Europe;Luxembourg;Luxembourg_%28city%29
1800	6	Antarctica;Antarctic_Treaty_System;United_Nations;Asia;North_America;Oceania;Northern_Mariana_Islands
1801	2	Antarctica;India;Sikkim
1802	4	Antarctica;Antarctic_Treaty_System;United_Nations;BBC;Television
1803	0	Anteater;Mammal;Animal;Organism;Biology;Evolution;Natural_selection;Evolution;LOOP_DETECTED
1804	7	Anteater;Animal;Organism;Biology;Carbon;Chemical_element;Periodic_table;Copper
1805	0	Anteater;Mammal;Animal;Chordate;Mammal;LOOP_DETECTED
1806	0	Anteater;Mammal;Animal;Chordate;Mammal;LOOP_DETECTED
1807	0	Anteater;Mammal;Animal;Mammal;LOOP_DETECTED
1808	0	Anteater;Mammal;Animal;Mammal;LOOP_DETECTED
1809	0	Anteater;Animal;Chordate;Vertebrate;Chordate;LOOP_DETECTED
1810	0	Anteater;Mammal;Animal;Organism;Animal;LOOP_DETECTED
1811	0	Anteater;Mammal;Animal;Chordate;Mammal;LOOP_DETECTED
1812	0	Anteater;Animal;Mammal;Animal;LOOP_DETECTED
1813	0	Anteater;Mammal;Animal;Organism;Biology;Genetics;DNA;Genetics;LOOP_DETECTED
1814	3	Anteater;Animal;Plant;Wood
1815	0	Anteater;Mammal;Animal;Organism;River;Amazon_River;Amazon_Basin;Amazon_River;LOOP_DETECTED
1816	0	Antelope;Animal;Organism;Animal;LOOP_DETECTED
1817	0	Antelope;Animal;Organism;Animal;LOOP_DETECTED
1818	4	Antelope;Animal;Human;Philosophy;John_Locke
1819	5	Antelope;Animal;Human;Politics;Soviet_Union;Joseph_Stalin
1820	5	Antelope;Animal;Organism;Biology;Earth;Moon
1821	2	Antelope;United_States;Poetry_of_the_United_States
1822	0	Antelope;Animal;Chordate;Vertebrate;Chordate;LOOP_DETECTED
1823	0	Anthony_van_Dyck;England;United_Kingdom;WRONG_ANSWER
1824	5	Anthony_van_Dyck;England;British_Empire;Tea;Agriculture;Wheat
1825	2	Anthropology;Evolution;Charles_Darwin
1826	0	Anthropology;WRONG_ANSWER
1827	0	Anthropology;History;Humanities;History;LOOP_DETECTED
1828	0	Anthropology;History;Anthropology;LOOP_DETECTED
1829	4	Antigua_and_Barbuda;United_Nations;South_Africa;Africa;Southern_Africa
1830	5	Antigua_and_Barbuda;Caribbean_Sea;Atlantic_Ocean;Dolphin;Chordate;Vertebrate
1831	0	Antimony;Chemical_element;Chemistry;Periodic_table;Antimony;LOOP_DETECTED
1832	0	Antimony;Chemical_element;Alchemy;Chemistry;Chemical_element;LOOP_DETECTED
1833	3	Antimony;Greece;Ancient_Greece;Parthenon
1834	0	Antlion;Insect;Animal;Chordate;Vertebrate;Chordate;LOOP_DETECTED
1835	0	Antoine_Lavoisier;Chemistry;Chemical_element;Periodic_table;Chemical_element;LOOP_DETECTED
1836	5	Antoine_Lavoisier;Chemistry;Biology;Ecology;River;Amazon_River
1837	0	Antoine_Lavoisier;Chemistry;Biology;Evolution;Natural_selection;The_Origin_of_Species;Evolution;LOOP_DETECTED
1838	2	Antoine_Lavoisier;World_War_II;Battle_of_Normandy
1839	4	Antoine_Lavoisier;Chemistry;Physics;Radio;Broadcasting
1840	3	Antoine_Lavoisier;Chemistry;Biology;Charles_Darwin
1841	1	Antoine_Lavoisier;Chemistry
1842	2	Antoine_Lavoisier;Chemistry;Energy
1843	3	Antoine_Lavoisier;Politics;United_States;President_of_the_United_States
1844	3	Antoine_Lavoisier;France;Russia;Saint_Petersburg
1845	0	Anton%C3%ADn_Dvo%C5%99%C3%A1k;Czech_Republic;Germany;United_States;American_Civil_War;Battle_of_Gettysburg;American_Civil_War;LOOP_DETECTED
1846	3	Antonio_Vivaldi;Opera;Theatre;Drama
1847	4	Antonio_Vivaldi;Rome;Capital;Botswana;Gaborone
1848	4	Antonio_Vivaldi;Vienna;Europe;Earth;Sun
1849	3	Antonio_Vivaldi;France;Paris;Tour_de_France
1850	4	Antonio_Vivaldi;Vienna;Danube;River;Yangtze_River
1851	3	Antwerp;Belgium;NATO;Able_Archer_83
1852	0	Antwerp;Belgium;Flanders;Dutch_language;Language;Linguistics;Language;LOOP_DETECTED
1853	3	Antwerp;Belgium;Vienna;Austria
1854	0	Antwerp;Belgium;Antwerp;LOOP_DETECTED
1855	0	Antwerp;Belgium;Flemish_people;Language;Linguistics;Language;LOOP_DETECTED
1856	3	Antwerp;Belgium;United_Kingdom;Irish_Sea
1857	6	Antwerp;Belgium;France;Algeria;North_Africa;Middle_East;Syria
1858	3	Apaochi;Beijing;Aquarium;Dolphin
1859	0	Apatosaurus;Dinosaur;Animal;Organism;Animal;LOOP_DETECTED
1860	0	Apatosaurus;Dinosaur;Biology;Binomial_nomenclature;Carolus_Linnaeus;Scientific_classification;Chordate;Vertebrate;Chordate;LOOP_DETECTED
1861	3	Apatosaurus;Dinosaur;Physics;Black_hole
1862	2	Apatosaurus;Dinosaur;Brachiosaurus
1863	5	Apatosaurus;Dinosaur;Biology;Genetics;DNA;DNA_repair
1864	3	Apatosaurus;Dinosaur;England;Norman_conquest_of_England
1865	0	Apatosaurus;Dinosaur;Animal;Mammal;Animal;LOOP_DETECTED
1866	0	Apatosaurus;Dinosaur;Animal;Organism;Biology;Animal;LOOP_DETECTED
1867	3	Apatosaurus;Dinosaur;Theropoda;Velociraptor
1868	4	Ape;Mammal;Animal;Organism;Biosphere
1869	0	Ape;Mammal;Animal;Mammal;LOOP_DETECTED
1870	0	Ape;Animal;Chordate;Mammal;Animal;LOOP_DETECTED
1871	0	Ape;Mammal;Animal;Mammal;LOOP_DETECTED
1872	0	Ape;Human;Economics;Political_economy;Economics;LOOP_DETECTED
1873	0	Ape;Chimpanzee;Human;Literature;Fiction;Literature;LOOP_DETECTED
1874	4	Ape;Mammal;Animal;Energy;Mechanical_work
1875	0	Ape;Animal;Organism;Animal;LOOP_DETECTED
1876	2	Ape;Animal;Water
1877	0	Aphid;Insect;Animal;Insect;LOOP_DETECTED
1878	0	Aphid;Insect;Animal;Insect;LOOP_DETECTED
1879	0	Aphid;Insect;Arthropod;Insect;LOOP_DETECTED
1880	0	Aphid;Insect;Animal;Bird;Poultry;Bird;LOOP_DETECTED
1881	0	Aphid;Insect;Animal;Insect;LOOP_DETECTED
1882	0	Aphid;Insect;Animal;Insect;LOOP_DETECTED
1883	2	Apollo;Athena;Athens
1884	3	Apollo;Medicine;Biology;Cell_%28biology%29
1885	0	Apollo;Roman_mythology;Apollo;LOOP_DETECTED
1886	0	Apollo;Greek_mythology;Apollo;LOOP_DETECTED
1887	0	Apollo;Greek_mythology;Mythology;Greek_mythology;LOOP_DETECTED
1888	3	Apollo;Athens;Edinburgh;Glasgow
1889	0	Apollo;Greek_mythology;Apollo;LOOP_DETECTED
1890	0	Apollo;Greek_mythology;Mythology;Greek_mythology;LOOP_DETECTED
1891	1	Apollo_11;Apollo_8
1892	0	Apollo_11;Moon_landing;Apollo_11;LOOP_DETECTED
1893	2	Apollo_11;President_of_the_United_States;Franklin_D._Roosevelt
1894	0	Apollo_11;Moon_landing;Apollo_11;LOOP_DETECTED
1895	0	Apollo_11;Moon_landing;Apollo_11;LOOP_DETECTED
1896	2	Apollo_11;Australia;Wombat
1897	2	Apollo_8;South_America;Amazon_Basin
1898	0	Apollo_8;Moon;Apollo_8;LOOP_DETECTED
1899	0	Apollo_8;Moon;Apollo_11;Moon;LOOP_DETECTED
1900	0	Apollo_8;Moon;Apollo_11;Apollo_8;LOOP_DETECTED
1901	3	Apollo_8;Moon;Solar_System;Galaxy
1902	0	Apollo_8;Moon;Apollo_11;Moon;LOOP_DETECTED
1903	4	Apollo_8;Moon;Crust_%28geology%29;Granite;Igneous_rock
1904	4	Apollo_8;Moon;Earth;Middle_East;Jerusalem
1905	0	Apollo_8;Moon;Apollo_11;Moon;LOOP_DETECTED
1906	3	Apollo_8;Moon;Ancient_Greece;Socrates
1907	2	Apollo_8;Moon;Tide
1908	4	Apollo_8;Moon;Calcium;Vitamin_D;Vitamin
1909	3	Apollo_8;Moon;Middle_Ages;Western_Roman_Empire
1910	0	Apostolic_Succession;Christianity;Bible;Christianity;LOOP_DETECTED
1911	0	Apostolic_Succession;Christianity;Roman_Catholic_Church;Christianity;LOOP_DETECTED
1912	0	Apostolic_Succession;Christianity;Bible;Christianity;LOOP_DETECTED
1913	0	Apostolic_Succession;Christianity;Bible;Christianity;LOOP_DETECTED
1914	4	Apple;Europe;Germany;Nazism;Adolf_Hitler
1915	0	Apple
1916	2	Apple;Fruit;Banana
1917	1	Apple;Cider
1918	0	Apple;Scientific_classification;Organism;Biology;Evolution;Natural_selection;Evolution;LOOP_DETECTED
1919	1	Apple;Fruit
1920	0	Apple;Fruit;Food;Culture;Popular_culture;Literature;Fiction;Film;20th_century;Cold_War;Soviet_Union;Cold_War;LOOP_DETECTED
1921	4	Apple;Fruit;Plant;Photosynthesis;Hydrogen
1922	2	Apple;United_States;Las_Vegas%2C_Nevada
1923	6	Apple;Fruit;Plant;Life;Earth;Solar_System;Mercury_%28planet%29
1924	5	Apple;Fruit;Food;Supply_and_demand;Economics;Money
1925	2	Apple;Celtic_mythology;Mythology
1926	6	Apple;Fruit;Plant;Agriculture;Fertilizer;Uranium;Nuclear_weapon
1927	1	Apple;Prostate_cancer
1928	0	Apple;Fruit;Plant;Agriculture;Fertile_Crescent;Mesopotamia;Boat;Ship;Boat;LOOP_DETECTED
1929	3	Apple;England;London;Tower_Bridge
1930	1	Apple;Tree
1931	0	Apple;Ancient_Greece;Arithmetic;Mathematics;Geometry;Euclidean_geometry;Pythagorean_theorem;Geometry;LOOP_DETECTED
1932	2	Apple;Fruit;Vegetable
1933	2	Apple;Tree;Wood
1934	2	Apple;Europe;World_War_II
1935	0	Applied_mathematics;Mathematics;Applied_mathematics;LOOP_DETECTED
1936	2	Applied_mathematics;Bioinformatics;Cancer
1937	5	Applied_mathematics;Engineering;Technology;Aral_Sea;Kazakhstan;Caspian_Sea
1938	0	Applied_mathematics;Mathematics;Applied_mathematics;LOOP_DETECTED
1939	0	Applied_mathematics;Mathematics;Applied_mathematics;LOOP_DETECTED
1940	0	Applied_mathematics;Mathematics;Applied_mathematics;LOOP_DETECTED
1941	0	Applied_mathematics;Engineering;Technology;Aral_Sea;Canal;Irrigation;Canal;LOOP_DETECTED
1942	0	Applied_mathematics;Engineering;Technology;Engineering;LOOP_DETECTED
1943	0	Applied_mathematics;Mathematics;Applied_mathematics;LOOP_DETECTED
1944	0	Apricot;Fruit;Cereal;Wheat;Cereal;LOOP_DETECTED
1945	4	Apricot;Roman_Empire;Ancient_Rome;Julius_Caesar;Battle_of_Alesia
1946	7	Apricot;Fruit;Plant;Life;Cell_%28biology%29;Energy;Electricity;Electron
1947	5	Apricot;Fruit;Plant;Animal;Bird;Feather
1948	3	Apricot;Roman_Empire;Christianity;Jesus
1949	5	Apricot;Fruit;Food;Culture;Mass_media;Newspaper
1950	0	Apricot;Fruit;Citrus;Fruit;LOOP_DETECTED
1951	0	Apricot;Fruit;Citrus;California;Los_Angeles%2C_California;California;LOOP_DETECTED
1952	0	Apricot;Fruit;Plant;Fruit;LOOP_DETECTED
1953	5	Apricot;Fruit;Plant;Agriculture;Africa;Swaziland
1954	2	Apricot;United_States;Thomas_Jefferson
1955	0	Aquarium;Fish;Fishing;Aquarium;LOOP_DETECTED
1956	0	Aquarium;Fish;Vertebrate;Chordate;Vertebrate;LOOP_DETECTED
1957	0	Aquarium;Fish;Aquarium;LOOP_DETECTED
1958	3	Aquarium;Ocean;Earth;Earth%27s_atmosphere
1959	0	Aquarium;Biology;Evolution;Biology;LOOP_DETECTED
1960	0	Aquarium;Ecology;Climate;Climate_change;Global_warming;Climate_change;LOOP_DETECTED
1961	0	Aquarium;Fish;Aquarium;LOOP_DETECTED
1962	0	Arab-Israeli_conflict;Middle_East;Egypt;Cairo;Egypt;LOOP_DETECTED
1963	3	Arab-Israeli_conflict;United_States;Poetry_of_the_United_States;E._E._Cummings
1964	0	Arab-Israeli_conflict;United_States;United_States_Constitution;WRONG_ANSWER
1965	4	Arab-Israeli_conflict;Middle_East;France;Germany;Frankfurt
1966	3	Arab-Israeli_conflict;Middle_East;Africa;Rainforest
1967	3	Arab-Israeli_conflict;Middle_East;Africa;Western_Sahara
1968	3	Arab-Israeli_conflict;Middle_East;Agriculture;Wheat
1969	3	Arab_League;Egypt;Tennis;Davis_Cup
1970	2	Arab_League;European_Union;Germany
1971	2	Arab_League;Israel;Jerusalem
1972	4	Arab_League;Egypt;Asia;Oceania;Kiribati
1973	0	Arab_League;Iran;Russia;Mongolia;Mongol_Empire;Mongolia;LOOP_DETECTED
1974	3	Arab_League;Iran;Cyrus_the_Great;Persian_Empire
1975	0	Arab_League;Egypt;Nile;Egypt;LOOP_DETECTED
1976	4	Arab_League;United_Nations;Education;Mathematics;Statistics
1977	0	Arabic_language;Middle_East;United_States;American_football;United_States;LOOP_DETECTED
1978	2	Arabic_language;Middle_East;China
1979	3	Arabic_language;African_Union;Democratic_Republic_of_the_Congo;Congo_River
1980	3	Arabic_language;Middle_East;Ottoman_Empire;Crimean_War
1981	5	Arabic_language;Alchemy;Chemistry;Chemical_element;Periodic_table;Darmstadtium
1982	5	Arabic_language;Middle_East;Iran;Astronomy;Extrasolar_planet;Extraterrestrial_life
1983	0	Arabic_language;Alchemy;Chemistry;Atom;Physics;Atom;LOOP_DETECTED
1984	5	Arabic_language;Algebra;Mathematics;Astronomy;Solar_System;Kuiper_belt
1985	5	Arabic_language;Algebra;Mathematics;Computer_science;Computer_programming;Microsoft
1986	5	Arabic_language;Middle_East;France;Monaco;Formula_One;Monaco_Grand_Prix
1987	0	Arabic_language;Algebra;Mathematics;Algebra;LOOP_DETECTED
1988	3	Arabic_language;Middle_Ages;Renaissance;Renaissance_music
1989	0	Arabic_language;Middle_Ages;Renaissance;Literature;Fiction;Literature;LOOP_DETECTED
1990	0	Arable_land;Agriculture;Arable_land;LOOP_DETECTED
1991	3	Arable_land;Agriculture;Soil;Engineering
1992	0	Arable_land;Agriculture;Arable_land;LOOP_DETECTED
1993	3	Arable_land;Agriculture;Flower;Sunflower
1994	4	Aral_Sea;Uzbekistan;Iran;China;Confucianism
1995	5	Aral_Sea;Soviet_Union;Mikhail_Gorbachev;Democracy;Liberal_democracy;Election
1996	0	Archaeoastronomy;Astronomy;Chemistry;Chemical_element;Chemistry;LOOP_DETECTED
1997	0	Archaeoastronomy;History;Archaeology;History;LOOP_DETECTED
1998	0	Archaeoastronomy;Astronomy;Archaeoastronomy;LOOP_DETECTED
1999	6	Archaeoastronomy;History;Anthropology;Sociology;Political_science;Political_philosophy;Fascism
